CF conc=500 conn=50 sync=false cpus=1 path=/sleep carrier=0 pinned=0 RESULT tps=250.1 ok=3751 err=426696 p50=204.1 p95=2588.3 p99=2738.8 stat={"threadCount":215,"peakThreadCount":215,"connAcquireCount":0,"connAcquireMeanMs":0.0,"connAcquireMaxMs":0.0,"connPending":0.0,"connActive":0.0,"connMax":50.0} rep=1 block=A
PLATFORM conc=100 conn=50 sync=false cpus=1 path=/sleep carrier=0 pinned=0 RESULT tps=149.1 ok=2981 err=0 p50=899.0 p95=1498.9 p99=1704.1 stat={"threadCount":214,"peakThreadCount":214,"connAcquireCount":0,"connAcquireMeanMs":0.0,"connAcquireMaxMs":0.0,"connPending":0.0,"connActive":0.0,"connMax":50.0} rep=1 block=A
CF conc=2000 conn=50 sync=false cpus=1 path=/sleep carrier=0 pinned=0 RESULT tps=1609.7 ok=24146 err=131112 p50=900.6 p95=1002.8 p99=1079.1 stat={} rep=1 block=A
VIRTUAL conc=100 conn=50 sync=false cpus=1 path=/sleep carrier=0 pinned=0 RESULT tps=1198.5 ok=17978 err=0 p50=71.4 p95=155.7 p99=205.6 stat={"threadCount":17,"peakThreadCount":17,"connAcquireCount":0,"connAcquireMeanMs":0.0,"connAcquireMaxMs":0.0,"connPending":0.0,"connActive":0.0,"connMax":50.0} rep=1 block=A
PLATFORM conc=500 conn=50 sync=false cpus=1 path=/sleep carrier=0 pinned=0 RESULT tps=4391.2 ok=87823 err=195720 p50=69.7 p95=151.6 p99=185.2 stat={} rep=1 block=A
VIRTUAL conc=500 conn=50 sync=false cpus=1 path=/sleep carrier=0 pinned=0 RESULT tps=579.6 ok=8694 err=0 p50=1049.6 p95=1200.0 p99=1224.8 stat={"threadCount":214,"peakThreadCount":214,"connAcquireCount":0,"connAcquireMeanMs":0.0,"connAcquireMaxMs":0.0,"connPending":0.0,"connActive":0.0,"connMax":50.0} rep=1 block=A
PLATFORM conc=2000 conn=50 sync=false cpus=1 path=/sleep carrier=0 pinned=0 RESULT tps=1525.9 ok=30517 err=205024 p50=875.2 p95=1198.1 p99=1202.9 stat={} rep=1 block=A
VIRTUAL conc=2000 conn=50 sync=false cpus=1 path=/sleep carrier=0 pinned=0 RESULT tps=2449.9 ok=36748 err=0 p50=899.9 p95=1047.3 p99=1100.3 stat={"threadCount":214,"peakThreadCount":214,"connAcquireCount":0,"connAcquireMeanMs":0.0,"connAcquireMaxMs":0.0,"connPending":0.0,"connActive":0.0,"connMax":50.0} rep=1 block=A
CF conc=100 conn=50 sync=false cpus=1 path=/sleep carrier=0 pinned=0 RESULT tps=161.7 ok=3234 err=486261 p50=51.7 p95=894.0 p99=1464.5 stat={"threadCount":116,"peakThreadCount":116,"connAcquireCount":0,"connAcquireMeanMs":0.0,"connAcquireMaxMs":0.0,"connPending":0.0,"connActive":0.0,"connMax":50.0} rep=1 block=A
PLATFORM conc=100 conn=50 sync=false cpus=1 path=/sleep carrier=0 pinned=0 RESULT tps=267.2 ok=4008 err=97109 p50=297.3 p95=700.0 p99=1445.0 stat={"threadCount":214,"peakThreadCount":215,"connAcquireCount":0,"connAcquireMeanMs":0.0,"connAcquireMaxMs":0.0,"connPending":0.0,"connActive":0.0,"connMax":50.0} rep=2 block=A
CF conc=500 conn=50 sync=false cpus=1 path=/sleep carrier=0 pinned=0 RESULT tps=334.6 ok=6691 err=378358 p50=700.6 p95=2592.1 p99=2984.5 stat={"threadCount":214,"peakThreadCount":215,"connAcquireCount":0,"connAcquireMeanMs":0.0,"connAcquireMaxMs":0.0,"connPending":0.0,"connActive":0.0,"connMax":50.0} rep=1 block=A
PLATFORM conc=500 conn=50 sync=false cpus=1 path=/sleep carrier=0 pinned=0 RESULT tps=117.1 ok=1756 err=433263 p50=596.0 p95=2776.9 p99=2882.2 stat={"threadCount":215,"peakThreadCount":215,"connAcquireCount":0,"connAcquireMeanMs":0.0,"connAcquireMaxMs":0.0,"connPending":0.0,"connActive":0.0,"connMax":50.0} rep=2 block=A
 rep=2 block=A
 rep=1 block=A
CF conc=100 conn=50 sync=false cpus=1 path=/sleep carrier=0 pinned=0 RESULT tps=666.1 ok=9992 err=1750 p50=60.0 p95=104.3 p99=146.7 stat={} FIRSTERR java.net.ConnectException: null  rep=2 block=A
VIRTUAL conc=100 conn=50 sync=false cpus=1 path=/sleep carrier=0 pinned=0 RESULT tps=105.0 ok=2100 err=1950 p50=54.1 p95=61.4 p99=113.2 stat={} FIRSTERR java.net.ConnectException: null  rep=1 block=A
CF conc=500 conn=50 sync=false cpus=1 path=/sleep carrier=0 pinned=0 RESULT tps=2588.7 ok=38831 err=0 p50=184.9 p95=403.8 p99=488.6 stat={"threadCount":17,"peakThreadCount":17,"connAcquireCount":0,"connAcquireMeanMs":0.0,"connAcquireMaxMs":0.0,"connPending":0.0,"connActive":0.0,"connMax":50.0}  rep=2 block=A
VIRTUAL conc=500 conn=50 sync=false cpus=1 path=/sleep carrier=0 pinned=0 RESULT tps=1591.2 ok=31823 err=64204 p50=126.1 p95=269.7 p99=364.3 stat={} FIRSTERR java.net.ConnectException: null  rep=1 block=A
CF conc=2000 conn=50 sync=false cpus=1 path=/sleep carrier=0 pinned=0 RESULT tps=329.8 ok=4947 err=300909 p50=1402.1 p95=3320.5 p99=3412.9 stat={} FIRSTERR java.net.ConnectException: null  rep=2 block=A
VIRTUAL conc=2000 conn=50 sync=false cpus=1 path=/sleep carrier=0 pinned=0 RESULT tps=159.5 ok=3190 err=554961 p50=3058.2 p95=4732.2 p99=4932.1 stat={"threadCount":215,"peakThreadCount":215,"connAcquireCount":0,"connAcquireMeanMs":0.0,"connAcquireMaxMs":0.0,"connPending":0.0,"connActive":0.0,"connMax":50.0} FIRSTERR java.net.ConnectException: null  rep=1 block=A
VIRTUAL conc=100 conn=50 sync=false cpus=1 path=/sleep carrier=0 pinned=0 RESULT tps=103.1 ok=1547 err=298567 p50=297.7 p95=2481.9 p99=2767.6 stat={"threadCount":214,"peakThreadCount":215,"connAcquireCount":0,"connAcquireMeanMs":0.0,"connAcquireMaxMs":0.0,"connPending":0.0,"connActive":0.0,"connMax":50.0} FIRSTERR java.net.ConnectException: Connection reset by peer  rep=2 block=A
PLATFORM conc=100 conn=50 sync=false cpus=1 path=/sleep carrier=0 pinned=0 RESULT tps=0.0 ok=0 err=583291 p50=-1.0 p95=-1.0 p99=-1.0 stat={} FIRSTERR java.net.ConnectException: null  rep=2 block=A
 rep=2 block=A
 rep=2 block=A
VIRTUAL conc=2000 conn=50 sync=false cpus=1 path=/sleep carrier=0 pinned=0 RESULT tps=0.0 ok=0 err=591439 p50=-1.0 p95=-1.0 p99=-1.0 stat=UNAVAILABLE FIRSTERR java.net.ConnectException: null  rep=2 block=A
PLATFORM conc=2000 conn=50 sync=false cpus=1 path=/sleep carrier=0 pinned=0 RESULT tps=0.0 ok=0 err=641210 p50=-1.0 p95=-1.0 p99=-1.0 stat=UNAVAILABLE FIRSTERR java.net.ConnectException: Connection reset by peer  rep=2 block=A
CF conc=100 conn=50 sync=false cpus=1 path=/sleep carrier=0 pinned=0 RESULT tps=398.6 ok=7971 err=34173 p50=103.1 p95=201.1 p99=1373.7 stat={"threadCount":162,"peakThreadCount":162,"connAcquireCount":0,"connAcquireMeanMs":0.0,"connAcquireMaxMs":0.0,"connPending":0.0,"connActive":0.0,"connMax":50.0} FIRSTERR java.net.ConnectException: null  rep=2 block=A
PLATFORM conc=100 conn=50 sync=false cpus=1 path=/sleep carrier=0 pinned=0 RESULT tps=671.1 ok=10067 err=4794 p50=102.4 p95=199.6 p99=204.7 stat={"threadCount":116,"peakThreadCount":116,"connAcquireCount":0,"connAcquireMeanMs":0.0,"connAcquireMaxMs":0.0,"connPending":0.0,"connActive":0.0,"connMax":50.0} FIRSTERR java.net.ConnectException: null  rep=3 block=A
PLATFORM conc=500 conn=50 sync=false cpus=1 path=/sleep carrier=0 pinned=0 RESULT tps=214.8 ok=3222 err=220246 p50=499.7 p95=1357.0 p99=1550.3 stat={"threadCount":18,"peakThreadCount":18,"connAcquireCount":0,"connAcquireMeanMs":0.0,"connAcquireMaxMs":0.0,"connPending":0.0,"connActive":0.0,"connMax":50.0} FIRSTERR java.net.ConnectException: Connection reset by peer  rep=3 block=A
CF conc=500 conn=50 sync=false cpus=1 path=/sleep carrier=0 pinned=0 RESULT tps=315.7 ok=6313 err=243859 p50=408.5 p95=2636.4 p99=3428.8 stat={"threadCount":214,"peakThreadCount":215,"connAcquireCount":0,"connAcquireMeanMs":0.0,"connAcquireMaxMs":0.0,"connPending":0.0,"connActive":0.0,"connMax":50.0} FIRSTERR java.net.ConnectException: null  rep=2 block=A
PLATFORM conc=2000 conn=50 sync=false cpus=1 path=/sleep carrier=0 DIED oom=
false rep=3 block=A
CF conc=2000 conn=50 sync=false cpus=1 path=/sleep carrier=0 pinned=0 RESULT tps=1618.4 ok=32367 err=135776 p50=953.0 p95=2102.5 p99=4070.8 stat={"threadCount":214,"peakThreadCount":214,"connAcquireCount":0,"connAcquireMeanMs":0.0,"connAcquireMaxMs":0.0,"connPending":0.0,"connActive":0.0,"connMax":50.0} FIRSTERR java.net.ConnectException: null  rep=2 block=A
CF conc=100 conn=50 sync=false cpus=1 path=/sleep carrier=0 pinned=0 RESULT tps=175.4 ok=2631 err=8870 p50=100.3 p95=1000.9 p99=1009.4 stat={"threadCount":18,"peakThreadCount":18,"connAcquireCount":0,"connAcquireMeanMs":0.0,"connAcquireMaxMs":0.0,"connPending":0.0,"connActive":0.0,"connMax":50.0} FIRSTERR java.net.ConnectException: null  rep=3 block=A
VIRTUAL conc=100 conn=50 sync=false cpus=1 path=/sleep carrier=0 pinned=0 RESULT tps=157.5 ok=3149 err=44109 p50=299.8 p95=393.4 p99=403.4 stat={"threadCount":25,"peakThreadCount":25,"connAcquireCount":0,"connAcquireMeanMs":0.0,"connAcquireMaxMs":0.0,"connPending":0.0,"connActive":0.0,"connMax":50.0} FIRSTERR java.net.ConnectException: null  rep=2 block=A
CF conc=500 conn=50 sync=false cpus=1 path=/sleep carrier=0 pinned=0 RESULT tps=1669.8 ok=25047 err=1500 p50=297.6 p95=363.0 p99=402.2 stat={"threadCount":25,"peakThreadCount":25,"connAcquireCount":0,"connAcquireMeanMs":0.0,"connAcquireMaxMs":0.0,"connPending":0.0,"connActive":0.0,"connMax":50.0} FIRSTERR java.net.ConnectException: null  rep=3 block=A
CF conc=2000 conn=50 sync=false cpus=1 path=/sleep carrier=0 pinned=0 RESULT tps=1753.0 ok=26295 err=4918 p50=716.0 p95=1092.6 p99=1286.7 stat={"threadCount":18,"peakThreadCount":18,"connAcquireCount":0,"connAcquireMeanMs":0.0,"connAcquireMaxMs":0.0,"connPending":0.0,"connActive":0.0,"connMax":50.0} FIRSTERR java.net.ConnectException: Connection reset by peer  rep=3 block=A
VIRTUAL conc=500 conn=50 sync=false cpus=1 path=/sleep carrier=0 pinned=0 RESULT tps=239.6 ok=4791 err=57797 p50=571.3 p95=892.9 p99=1171.7 stat={"threadCount":18,"peakThreadCount":18,"connAcquireCount":0,"connAcquireMeanMs":0.0,"connAcquireMaxMs":0.0,"connPending":0.0,"connActive":0.0,"connMax":50.0} FIRSTERR java.io.IOException: HTTP/1.1 header parser received no bytes  rep=2 block=A
VIRTUAL conc=100 conn=50 sync=false cpus=1 path=/sleep carrier=0 pinned=0 RESULT tps=60.6 ok=909 err=14557 p50=1353.5 p95=3546.6 p99=3950.9 stat={"threadCount":214,"peakThreadCount":215,"connAcquireCount":0,"connAcquireMeanMs":0.0,"connAcquireMaxMs":0.0,"connPending":0.0,"connActive":0.0,"connMax":50.0} FIRSTERR java.net.ConnectException: null  rep=3 block=A
VIRTUAL conc=2000 conn=50 sync=false cpus=1 path=/sleep carrier=0 pinned=0 RESULT tps=857.0 ok=17139 err=303403 p50=1002.4 p95=1902.4 p99=2096.4 stat={"threadCount":18,"peakThreadCount":18,"connAcquireCount":0,"connAcquireMeanMs":0.0,"connAcquireMaxMs":0.0,"connPending":0.0,"connActive":0.0,"connMax":50.0} FIRSTERR java.net.ConnectException: null  rep=2 block=A
VIRTUAL conc=500 conn=50 sync=false cpus=1 path=/sleep carrier=0 pinned=0 RESULT tps=1245.7 ok=18686 err=0 p50=348.8 p95=800.0 p99=1200.5 stat={"threadCount":214,"peakThreadCount":214,"connAcquireCount":0,"connAcquireMeanMs":0.0,"connAcquireMaxMs":0.0,"connPending":0.0,"connActive":0.0,"connMax":50.0}  rep=3 block=A
PLATFORM conc=100 conn=50 sync=false cpus=1 path=/sleep carrier=0 DIED oom=
false rep=3 block=A
VIRTUAL conc=2000 conn=50 sync=false cpus=1 path=/sleep carrier=0 pinned=0 RESULT tps=1448.0 ok=21720 err=0 p50=1245.3 p95=2300.7 p99=3859.9 stat={"threadCount":214,"peakThreadCount":214,"connAcquireCount":0,"connAcquireMeanMs":0.0,"connAcquireMaxMs":0.0,"connPending":0.0,"connActive":0.0,"connMax":50.0}  rep=3 block=A
PLATFORM conc=500 conn=50 sync=false cpus=1 path=/sleep carrier=0 pinned=0 RESULT tps=142.2 ok=2843 err=3158 p50=312.1 p95=431.3 p99=512.2 stat=UNAVAILABLE FIRSTERR java.net.ConnectException: Connection reset by peer  rep=3 block=A
PLATFORM conc=100 conn=10 sync=false cpus=1 path=/send carrier=0 pinned=0 RESULT tps=6.1 ok=91 err=52901 p50=2087.5 p95=2740.0 p99=2785.8 stat=UNAVAILABLE FIRSTERR java.net.ConnectException: null  rep=1 block=B
PLATFORM conc=2000 conn=50 sync=false cpus=1 path=/sleep carrier=0 pinned=0 RESULT tps=1445.7 ok=28914 err=56881 p50=1001.9 p95=3166.8 p99=4458.8 stat={"threadCount":214,"peakThreadCount":214,"connAcquireCount":0,"connAcquireMeanMs":0.0,"connAcquireMaxMs":0.0,"connPending":0.0,"connActive":0.0,"connMax":50.0} FIRSTERR java.net.ConnectException: Connection reset by peer  rep=3 block=A
PLATFORM conc=100 conn=50 sync=false cpus=1 path=/send carrier=0 pinned=0 RESULT tps=17.1 ok=256 err=49187 p50=737.3 p95=2624.2 p99=2823.6 stat={"threadCount":25,"peakThreadCount":25,"connAcquireCount":0,"connAcquireMeanMs":0.0,"connAcquireMaxMs":0.0,"connPending":0.0,"connActive":0.0,"connMax":50.0} FIRSTERR java.net.ConnectException: null  rep=1 block=B
CF conc=100 conn=50 sync=false cpus=1 path=/sleep carrier=0 pinned=8 RESULT tps=10.0 ok=200 err=23900 p50=3441.6 p95=12543.5 p99=12545.3 stat={"threadCount":21,"peakThreadCount":21,"connAcquireCount":7516,"connAcquireMeanMs":0.015477886774880255,"connAcquireMaxMs":84.780068,"connPending":0.0,"connActive":0.0,"connMax":50.0} FIRSTERR java.net.ConnectException: null  rep=3 block=A
PLATFORM conc=1000 conn=10 sync=false cpus=1 path=/send carrier=0 pinned=0 RESULT tps=141.3 ok=2120 err=3 p50=12077.1 p95=12509.2 p99=12606.4 stat={"threadCount":214,"peakThreadCount":214,"connAcquireCount":0,"connAcquireMeanMs":0.0,"connAcquireMaxMs":0.0,"connPending":0.0,"connActive":0.0,"connMax":50.0} FIRSTERR java.net.ConnectException: Connection reset by peer  rep=1 block=B
CF conc=500 conn=50 sync=false cpus=1 path=/sleep carrier=0 pinned=0 RESULT tps=143.9 ok=2878 err=268152 p50=600.3 p95=2877.5 p99=2970.6 stat={"threadCount":415,"peakThreadCount":415,"connAcquireCount":313,"connAcquireMeanMs":151.8918635175719,"connAcquireMaxMs":727.789217,"connPending":149.0,"connActive":50.0,"connMax":50.0} FIRSTERR java.net.ConnectException: Connection reset by peer  rep=3 block=A
PLATFORM conc=1000 conn=50 sync=false cpus=1 path=/send carrier=0 pinned=0 RESULT tps=12.0 ok=180 err=405750 p50=2241.7 p95=3158.0 p99=3237.1 stat={"threadCount":25,"peakThreadCount":25,"connAcquireCount":0,"connAcquireMeanMs":0.0,"connAcquireMaxMs":0.0,"connPending":0.0,"connActive":0.0,"connMax":50.0} FIRSTERR java.io.IOException: HTTP/1.1 header parser received no bytes  rep=1 block=B
CF conc=2000 conn=50 sync=false cpus=1 path=/sleep carrier=0 pinned=6 RESULT tps=532.0 ok=10639 err=393169 p50=1282.8 p95=3049.8 p99=3226.0 stat={"threadCount":23,"peakThreadCount":23,"connAcquireCount":107,"connAcquireMeanMs":0.031380570093457946,"connAcquireMaxMs":1.395797,"connPending":0.0,"connActive":2.0,"connMax":50.0} FIRSTERR java.net.ConnectException: null  rep=3 block=A
CF conc=100 conn=10 sync=false cpus=1 path=/send carrier=0 pinned=8 RESULT tps=34.1 ok=511 err=37755 p50=996.7 p95=1787.6 p99=1938.2 stat={"threadCount":23,"peakThreadCount":23,"connAcquireCount":748,"connAcquireMeanMs":0.02650510561497326,"connAcquireMaxMs":10.072399,"connPending":0.0,"connActive":0.0,"connMax":50.0} FIRSTERR java.net.ConnectException: null  rep=1 block=B
 rep=3 block=A
 rep=1 block=B
VIRTUAL conc=500 conn=50 sync=false cpus=1 path=/sleep carrier=0 pinned=0 RESULT tps=6919.1 ok=138381 err=0 p50=63.4 p95=137.7 p99=168.2 stat={"threadCount":17,"peakThreadCount":17,"connAcquireCount":0,"connAcquireMeanMs":0.0,"connAcquireMaxMs":0.0,"connPending":0.0,"connActive":0.0,"connMax":50.0}  rep=3 block=A
CF conc=1000 conn=10 sync=false cpus=1 path=/send carrier=0 pinned=0 RESULT tps=151.8 ok=2277 err=0 p50=10671.4 p95=11846.9 p99=12281.9 stat={"threadCount":415,"peakThreadCount":415,"connAcquireCount":8388,"connAcquireMeanMs":964.154969473176,"connAcquireMaxMs":2716.992916,"connPending":0.0,"connActive":0.0,"connMax":10.0}  rep=1 block=B
VIRTUAL conc=2000 conn=50 sync=false cpus=1 path=/sleep carrier=0 pinned=0 RESULT tps=5016.9 ok=100338 err=0 p50=395.0 p95=672.8 p99=802.3 stat={"threadCount":17,"peakThreadCount":17,"connAcquireCount":0,"connAcquireMeanMs":0.0,"connAcquireMaxMs":0.0,"connPending":0.0,"connActive":0.0,"connMax":50.0}  rep=3 block=A
PLATFORM conc=100 conn=10 sync=false cpus=1 path=/send carrier=0 pinned=0 RESULT tps=117.7 ok=2353 err=0 p50=595.1 p95=2698.5 p99=5286.0 stat={"threadCount":115,"peakThreadCount":115,"connAcquireCount":7448,"connAcquireMeanMs":399.91540016125134,"connAcquireMaxMs":5262.178086,"connPending":0.0,"connActive":0.0,"connMax":10.0}  rep=1 block=B
CF conc=1000 conn=50 sync=false cpus=1 path=/send carrier=0 pinned=0 RESULT tps=137.8 ok=2067 err=0 p50=11481.7 p95=14124.2 p99=14684.1 stat={"threadCount":415,"peakThreadCount":415,"connAcquireCount":7666,"connAcquireMeanMs":847.0115613319854,"connAcquireMaxMs":3560.736354,"connPending":0.0,"connActive":0.0,"connMax":50.0}  rep=1 block=B
PLATFORM conc=100 conn=50 sync=false cpus=1 path=/send carrier=0 pinned=0 RESULT tps=1003.6 ok=20071 err=0 p50=79.6 p95=176.5 p99=418.7 stat={"threadCount":116,"peakThreadCount":116,"connAcquireCount":56612,"connAcquireMeanMs":7.404586937274783,"connAcquireMaxMs":685.460321,"connPending":0.0,"connActive":0.0,"connMax":50.0}  rep=1 block=B
VIRTUAL conc=100 conn=10 sync=false cpus=1 path=/send carrier=0 pinned=8 RESULT tps=57.3 ok=859 err=0 p50=1821.6 p95=2427.0 p99=2502.8 stat={"threadCount":21,"peakThreadCount":22,"connAcquireCount":2700,"connAcquireMeanMs":0.007452953703703704,"connAcquireMaxMs":4.268328,"connPending":0.0,"connActive":0.0,"connMax":10.0}  rep=1 block=B
