VIRTUAL conc=100 conn=50 sync=false cpus=1 path=/send carrier=0 pinned=8 RESULT tps=39.6 ok=594 err=0 p50=1804.6 p95=7626.5 p99=7659.7 stat={"threadCount":21,"peakThreadCount":22,"connAcquireCount":1734,"connAcquireMeanMs":0.013071259515570935,"connAcquireMaxMs":10.848567,"connPending":0.0,"connActive":0.0,"connMax":50.0}  rep=1 block=B
PLATFORM conc=1000 conn=10 sync=false cpus=1 path=/send carrier=0 pinned=0 RESULT tps=125.7 ok=2513 err=0 p50=12160.5 p95=13538.1 p99=13902.3 stat={"threadCount":215,"peakThreadCount":215,"connAcquireCount":9320,"connAcquireMeanMs":1157.9582496040773,"connAcquireMaxMs":3228.828178,"connPending":0.0,"connActive":0.0,"connMax":10.0}  rep=1 block=B
PLATFORM conc=100 conn=50 sync=false cpus=1 path=/sleep carrier=0 pinned=0 RESULT tps=1954.4 ok=39088 err=0 p50=50.9 p95=52.6 p99=55.4 stat={"threadCount":115,"peakThreadCount":115,"connAcquireCount":0,"connAcquireMeanMs":0.0,"connAcquireMaxMs":0.0,"connPending":0.0,"connActive":0.0,"connMax":50.0}  rep=1 block=A
VIRTUAL conc=1000 conn=10 sync=false cpus=1 path=/send carrier=0 pinned=10 RESULT tps=75.1 ok=1126 err=0 p50=21379.2 p95=26533.4 p99=27029.4 stat={"threadCount":22,"peakThreadCount":22,"connAcquireCount":5514,"connAcquireMeanMs":0.012358657598839319,"connAcquireMaxMs":35.564943,"connPending":0.0,"connActive":0.0,"connMax":10.0}  rep=1 block=B
PLATFORM conc=500 conn=50 sync=false cpus=1 path=/sleep carrier=0 pinned=0 RESULT tps=3208.2 ok=64164 err=0 p50=145.3 p95=250.7 p99=299.2 stat={"threadCount":214,"peakThreadCount":214,"connAcquireCount":0,"connAcquireMeanMs":0.0,"connAcquireMaxMs":0.0,"connPending":0.0,"connActive":0.0,"connMax":50.0}  rep=1 block=A
PLATFORM conc=1000 conn=50 sync=false cpus=1 path=/send carrier=0 pinned=0 RESULT tps=131.7 ok=2633 err=0 p50=11564.7 p95=12766.3 p99=12961.8 stat={"threadCount":215,"peakThreadCount":215,"connAcquireCount":9798,"connAcquireMeanMs":800.4924610399061,"connAcquireMaxMs":3054.45113,"connPending":0.0,"connActive":0.0,"connMax":50.0}  rep=1 block=B
PLATFORM conc=2000 conn=50 sync=false cpus=1 path=/sleep carrier=0 pinned=0 RESULT tps=3099.4 ok=61988 err=0 p50=509.1 p95=948.5 p99=999.4 stat={"threadCount":214,"peakThreadCount":214,"connAcquireCount":0,"connAcquireMeanMs":0.0,"connAcquireMaxMs":0.0,"connPending":0.0,"connActive":0.0,"connMax":50.0}  rep=1 block=A
VIRTUAL conc=1000 conn=50 sync=false cpus=1 path=/send carrier=0 pinned=8 RESULT tps=123.1 ok=1846 err=0 p50=16208.0 p95=18632.9 p99=19124.6 stat={"threadCount":21,"peakThreadCount":22,"connAcquireCount":6800,"connAcquireMeanMs":0.007196113235294118,"connAcquireMaxMs":17.439777,"connPending":0.0,"connActive":0.0,"connMax":50.0}  rep=1 block=B
CF conc=100 conn=10 sync=false cpus=1 path=/send carrier=0 pinned=0 RESULT tps=176.6 ok=3532 err=0 p50=486.5 p95=1196.9 p99=1408.0 stat={"threadCount":316,"peakThreadCount":316,"connAcquireCount":13176,"connAcquireMeanMs":213.4626249524894,"connAcquireMaxMs":1286.279911,"connPending":0.0,"connActive":0.0,"connMax":10.0}  rep=1 block=B
CF conc=100 conn=50 sync=false cpus=1 path=/sleep carrier=0 pinned=0 RESULT tps=1957.4 ok=39148 err=0 p50=50.9 p95=52.5 p99=54.4 stat={"threadCount":115,"peakThreadCount":115,"connAcquireCount":0,"connAcquireMeanMs":0.0,"connAcquireMaxMs":0.0,"connPending":0.0,"connActive":0.0,"connMax":50.0}  rep=1 block=A
PLATFORM conc=100 conn=10 sync=false cpus=1 path=/send carrier=0 pinned=0 RESULT tps=80.1 ok=1201 err=0 p50=1152.9 p95=2851.8 p99=2988.8 stat={"threadCount":115,"peakThreadCount":115,"connAcquireCount":5178,"connAcquireMeanMs":414.25335404808806,"connAcquireMaxMs":2686.595533,"connPending":0.0,"connActive":0.0,"connMax":10.0}  rep=2 block=B
CF conc=100 conn=50 sync=false cpus=1 path=/send carrier=0 pinned=0 RESULT tps=890.2 ok=17803 err=0 p50=89.0 p95=210.8 p99=559.6 stat={"threadCount":316,"peakThreadCount":316,"connAcquireCount":53012,"connAcquireMeanMs":8.787922321380066,"connAcquireMaxMs":678.152056,"connPending":0.0,"connActive":0.0,"connMax":50.0}  rep=1 block=B
PLATFORM conc=100 conn=50 sync=false cpus=1 path=/send carrier=0 pinned=0 RESULT tps=789.7 ok=11845 err=0 p50=100.0 p95=254.8 p99=644.6 stat={"threadCount":116,"peakThreadCount":116,"connAcquireCount":32080,"connAcquireMeanMs":13.716260648254364,"connAcquireMaxMs":804.462703,"connPending":0.0,"connActive":0.0,"connMax":50.0}  rep=2 block=B
CF conc=500 conn=50 sync=false cpus=1 path=/sleep carrier=0 pinned=0 RESULT tps=2480.8 ok=49616 err=0 p50=200.4 p95=298.5 p99=305.2 stat={"threadCount":214,"peakThreadCount":214,"connAcquireCount":0,"connAcquireMeanMs":0.0,"connAcquireMaxMs":0.0,"connPending":0.0,"connActive":0.0,"connMax":50.0}  rep=1 block=A
CF conc=1000 conn=10 sync=false cpus=1 path=/send carrier=0 pinned=0 RESULT tps=119.2 ok=2384 err=0 p50=11860.6 p95=14718.0 p99=15256.9 stat={"threadCount":415,"peakThreadCount":415,"connAcquireCount":8952,"connAcquireMeanMs":1176.006659057529,"connAcquireMaxMs":4132.533582,"connPending":0.0,"connActive":0.0,"connMax":10.0}  rep=1 block=B
CF conc=2000 conn=50 sync=false cpus=1 path=/sleep carrier=0 pinned=0 RESULT tps=3554.2 ok=71083 err=0 p50=505.7 p95=898.7 p99=908.9 stat={"threadCount":214,"peakThreadCount":214,"connAcquireCount":0,"connAcquireMeanMs":0.0,"connAcquireMaxMs":0.0,"connPending":0.0,"connActive":0.0,"connMax":50.0}  rep=1 block=A
PLATFORM conc=1000 conn=10 sync=false cpus=1 path=/send carrier=0 pinned=0 RESULT tps=149.2 ok=2238 err=0 p50=11496.5 p95=11914.8 p99=12245.4 stat={"threadCount":215,"peakThreadCount":215,"connAcquireCount":7906,"connAcquireMeanMs":1136.073191500253,"connAcquireMaxMs":4659.559996,"connPending":0.0,"connActive":0.0,"connMax":10.0}  rep=2 block=B
VIRTUAL conc=100 conn=50 sync=false cpus=1 path=/sleep carrier=0 pinned=0 RESULT tps=1913.7 ok=38273 err=0 p50=52.1 p95=54.2 p99=55.6 stat={"threadCount":17,"peakThreadCount":17,"connAcquireCount":0,"connAcquireMeanMs":0.0,"connAcquireMaxMs":0.0,"connPending":0.0,"connActive":0.0,"connMax":50.0}  rep=1 block=A
CF conc=1000 conn=50 sync=false cpus=1 path=/send carrier=0 pinned=0 RESULT tps=116.0 ok=2319 err=0 p50=14034.2 p95=15743.6 p99=16930.5 stat={"threadCount":415,"peakThreadCount":415,"connAcquireCount":8934,"connAcquireMeanMs":929.6806065840609,"connAcquireMaxMs":3336.534169,"connPending":0.0,"connActive":0.0,"connMax":50.0}  rep=1 block=B
PLATFORM conc=1000 conn=50 sync=false cpus=1 path=/send carrier=0 pinned=0 RESULT tps=122.6 ok=1839 err=0 p50=15521.1 p95=17072.9 p99=17332.2 stat={"threadCount":215,"peakThreadCount":215,"connAcquireCount":6904,"connAcquireMeanMs":1055.3236378615295,"connAcquireMaxMs":3435.152807,"connPending":0.0,"connActive":0.0,"connMax":50.0}  rep=2 block=B
VIRTUAL conc=500 conn=50 sync=false cpus=1 path=/sleep carrier=0 pinned=0 RESULT tps=6133.8 ok=122676 err=0 p50=68.2 p95=158.0 p99=200.1 stat={"threadCount":17,"peakThreadCount":17,"connAcquireCount":0,"connAcquireMeanMs":0.0,"connAcquireMaxMs":0.0,"connPending":0.0,"connActive":0.0,"connMax":50.0}  rep=1 block=A
CF conc=100 conn=10 sync=false cpus=1 path=/send carrier=0 pinned=0 RESULT tps=126.6 ok=1899 err=0 p50=688.5 p95=1441.4 p99=1538.5 stat={"threadCount":315,"peakThreadCount":315,"connAcquireCount":6636,"connAcquireMeanMs":314.6255636246233,"connAcquireMaxMs":1400.349796,"connPending":0.0,"connActive":0.0,"connMax":10.0}  rep=2 block=B
VIRTUAL conc=100 conn=10 sync=false cpus=1 path=/send carrier=0 pinned=10 RESULT tps=64.5 ok=1289 err=0 p50=1692.9 p95=1928.4 p99=1985.5 stat={"threadCount":21,"peakThreadCount":22,"connAcquireCount":4516,"connAcquireMeanMs":0.010202767936226749,"connAcquireMaxMs":16.026366,"connPending":0.0,"connActive":0.0,"connMax":10.0}  rep=1 block=B
VIRTUAL conc=2000 conn=50 sync=false cpus=1 path=/sleep carrier=0 pinned=0 RESULT tps=4671.3 ok=93425 err=0 p50=422.0 p95=721.1 p99=811.9 stat={"threadCount":17,"peakThreadCount":17,"connAcquireCount":0,"connAcquireMeanMs":0.0,"connAcquireMaxMs":0.0,"connPending":0.0,"connActive":0.0,"connMax":50.0}  rep=1 block=A
CF conc=100 conn=50 sync=false cpus=1 path=/send carrier=0 pinned=0 RESULT tps=827.7 ok=12416 err=0 p50=90.6 p95=239.3 p99=858.2 stat={"threadCount":315,"peakThreadCount":315,"connAcquireCount":34150,"connAcquireMeanMs":11.048416995607614,"connAcquireMaxMs":735.76858,"connPending":0.0,"connActive":0.0,"connMax":50.0}  rep=2 block=B
VIRTUAL conc=100 conn=50 sync=false cpus=1 path=/send carrier=0 pinned=8 RESULT tps=71.4 ok=1428 err=0 p50=1506.8 p95=1654.2 p99=1706.2 stat={"threadCount":21,"peakThreadCount":22,"connAcquireCount":4304,"connAcquireMeanMs":0.009286564358736059,"connAcquireMaxMs":14.982564,"connPending":0.0,"connActive":0.0,"connMax":50.0}  rep=1 block=B
PLATFORM conc=100 conn=50 sync=false cpus=1 path=/sleep carrier=0 pinned=0 RESULT tps=1958.5 ok=39169 err=0 p50=50.9 p95=52.7 p99=54.7 stat={"threadCount":115,"peakThreadCount":115,"connAcquireCount":0,"connAcquireMeanMs":0.0,"connAcquireMaxMs":0.0,"connPending":0.0,"connActive":0.0,"connMax":50.0}  rep=2 block=A
CF conc=1000 conn=10 sync=false cpus=1 path=/send carrier=0 pinned=0 RESULT tps=144.0 ok=2160 err=0 p50=12630.3 p95=13425.8 p99=13502.2 stat={"threadCount":415,"peakThreadCount":415,"connAcquireCount":7776,"connAcquireMeanMs":1071.041407261574,"connAcquireMaxMs":3278.977219,"connPending":0.0,"connActive":0.0,"connMax":10.0}  rep=2 block=B
PLATFORM conc=500 conn=50 sync=false cpus=1 path=/sleep carrier=0 pinned=0 RESULT tps=2421.8 ok=48436 err=0 p50=200.8 p95=299.3 p99=304.4 stat={"threadCount":214,"peakThreadCount":214,"connAcquireCount":0,"connAcquireMeanMs":0.0,"connAcquireMaxMs":0.0,"connPending":0.0,"connActive":0.0,"connMax":50.0}  rep=2 block=A
VIRTUAL conc=1000 conn=10 sync=false cpus=1 path=/send carrier=0 pinned=8 RESULT tps=91.4 ok=1827 err=0 p50=24462.2 p95=31509.9 p99=31542.0 stat={"threadCount":21,"peakThreadCount":22,"connAcquireCount":6326,"connAcquireMeanMs":0.006211963009800822,"connAcquireMaxMs":14.133598,"connPending":0.0,"connActive":0.0,"connMax":10.0}  rep=1 block=B
CF conc=1000 conn=50 sync=false cpus=1 path=/send carrier=0 pinned=0 RESULT tps=149.3 ok=2239 err=0 p50=10839.8 p95=12104.7 p99=12578.8 stat={"threadCount":415,"peakThreadCount":415,"connAcquireCount":8320,"connAcquireMeanMs":744.6556059382211,"connAcquireMaxMs":2002.267752,"connPending":0.0,"connActive":0.0,"connMax":50.0}  rep=2 block=B
PLATFORM conc=2000 conn=50 sync=false cpus=1 path=/sleep carrier=0 pinned=0 RESULT tps=2699.6 ok=53991 err=0 p50=847.6 p95=904.4 p99=978.0 stat={"threadCount":214,"peakThreadCount":214,"connAcquireCount":0,"connAcquireMeanMs":0.0,"connAcquireMaxMs":0.0,"connPending":0.0,"connActive":0.0,"connMax":50.0}  rep=2 block=A
VIRTUAL conc=100 conn=10 sync=false cpus=1 path=/send carrier=0 pinned=8 RESULT tps=66.7 ok=1001 err=0 p50=1644.7 p95=1763.9 p99=1853.5 stat={"threadCount":21,"peakThreadCount":22,"connAcquireCount":3478,"connAcquireMeanMs":0.023100673087981596,"connAcquireMaxMs":48.954027,"connPending":0.0,"connActive":0.0,"connMax":10.0}  rep=2 block=B
VIRTUAL conc=1000 conn=50 sync=false cpus=1 path=/send carrier=0 pinned=10 RESULT tps=112.3 ok=2246 err=0 p50=13509.7 p95=15889.0 p99=16048.2 stat={"threadCount":20,"peakThreadCount":22,"connAcquireCount":8550,"connAcquireMeanMs":0.005056514502923977,"connAcquireMaxMs":12.460788,"connPending":0.0,"connActive":0.0,"connMax":50.0}  rep=1 block=B
CF conc=100 conn=50 sync=false cpus=1 path=/sleep carrier=0 pinned=0 RESULT tps=1965.0 ok=39300 err=0 p50=50.8 p95=52.6 p99=54.2 stat={"threadCount":114,"peakThreadCount":114,"connAcquireCount":0,"connAcquireMeanMs":0.0,"connAcquireMaxMs":0.0,"connPending":0.0,"connActive":0.0,"connMax":50.0}  rep=2 block=A
VIRTUAL conc=100 conn=50 sync=false cpus=1 path=/send carrier=0 pinned=8 RESULT tps=69.2 ok=1038 err=0 p50=1567.5 p95=1810.4 p99=1834.8 stat={"threadCount":21,"peakThreadCount":21,"connAcquireCount":3562,"connAcquireMeanMs":0.00983324845592364,"connAcquireMaxMs":17.306116,"connPending":0.0,"connActive":0.0,"connMax":50.0}  rep=2 block=B
PLATFORM conc=100 conn=10 sync=false cpus=1 path=/send carrier=0 pinned=0 RESULT tps=211.3 ok=4225 err=0 p50=393.1 p95=1003.3 p99=1110.4 stat={"threadCount":116,"peakThreadCount":116,"connAcquireCount":12962,"connAcquireMeanMs":217.699436548295,"connAcquireMaxMs":1104.983327,"connPending":0.0,"connActive":0.0,"connMax":10.0}  rep=2 block=B
CF conc=500 conn=50 sync=false cpus=1 path=/sleep carrier=0 pinned=0 RESULT tps=2291.5 ok=45829 err=0 p50=201.6 p95=300.1 p99=307.2 stat={"threadCount":214,"peakThreadCount":214,"connAcquireCount":0,"connAcquireMeanMs":0.0,"connAcquireMaxMs":0.0,"connPending":0.0,"connActive":0.0,"connMax":50.0}  rep=2 block=A
VIRTUAL conc=1000 conn=10 sync=false cpus=1 path=/send carrier=0 pinned=8 RESULT tps=109.0 ok=1635 err=0 p50=18434.2 p95=22250.9 p99=22475.6 stat={"threadCount":21,"peakThreadCount":22,"connAcquireCount":6308,"connAcquireMeanMs":0.00517553027901078,"connAcquireMaxMs":2.584348,"connPending":0.0,"connActive":0.0,"connMax":10.0}  rep=2 block=B
PLATFORM conc=100 conn=50 sync=false cpus=1 path=/send carrier=0 pinned=0 RESULT tps=1026.9 ok=20537 err=0 p50=78.0 p95=176.7 p99=506.5 stat={"threadCount":115,"peakThreadCount":115,"connAcquireCount":58344,"connAcquireMeanMs":6.125532091834636,"connAcquireMaxMs":642.551446,"connPending":0.0,"connActive":0.0,"connMax":50.0}  rep=2 block=B
CF conc=2000 conn=50 sync=false cpus=1 path=/sleep carrier=0 pinned=0 RESULT tps=3023.0 ok=60460 err=0 p50=601.8 p95=902.3 p99=997.9 stat={"threadCount":214,"peakThreadCount":214,"connAcquireCount":0,"connAcquireMeanMs":0.0,"connAcquireMaxMs":0.0,"connPending":0.0,"connActive":0.0,"connMax":50.0}  rep=2 block=A
VIRTUAL conc=100 conn=50 sync=false cpus=1 path=/sleep carrier=0 pinned=0 RESULT tps=1884.5 ok=37690 err=0 p50=53.3 p95=55.5 p99=57.1 stat={"threadCount":17,"peakThreadCount":17,"connAcquireCount":0,"connAcquireMeanMs":0.0,"connAcquireMaxMs":0.0,"connPending":0.0,"connActive":0.0,"connMax":50.0}  rep=2 block=A
VIRTUAL conc=1000 conn=50 sync=false cpus=1 path=/send carrier=0 pinned=10 RESULT tps=86.6 ok=1299 err=0 p50=17351.4 p95=25683.1 p99=26455.3 stat={"threadCount":22,"peakThreadCount":22,"connAcquireCount":4834,"connAcquireMeanMs":0.008422037236243277,"connAcquireMaxMs":13.640556,"connPending":0.0,"connActive":0.0,"connMax":50.0}  rep=2 block=B
PLATFORM conc=1000 conn=10 sync=false cpus=1 path=/send carrier=0 pinned=0 RESULT tps=126.0 ok=2519 err=0 p50=12478.5 p95=15777.4 p99=15976.6 stat={"threadCount":215,"peakThreadCount":215,"connAcquireCount":9268,"connAcquireMeanMs":1152.7855590203928,"connAcquireMaxMs":3264.735355,"connPending":0.0,"connActive":0.0,"connMax":10.0}  rep=2 block=B
VIRTUAL conc=500 conn=50 sync=false cpus=1 path=/sleep carrier=0 pinned=0 RESULT tps=6684.3 ok=133685 err=0 p50=64.8 p95=142.6 p99=185.7 stat={"threadCount":17,"peakThreadCount":17,"connAcquireCount":0,"connAcquireMeanMs":0.0,"connAcquireMaxMs":0.0,"connPending":0.0,"connActive":0.0,"connMax":50.0}  rep=2 block=A
PLATFORM conc=100 conn=10 sync=false cpus=1 path=/send carrier=0 pinned=0 RESULT tps=30.6 ok=459 err=0 p50=2850.5 p95=6734.6 p99=6787.7 stat={"threadCount":115,"peakThreadCount":115,"connAcquireCount":3610,"connAcquireMeanMs":610.6230600916898,"connAcquireMaxMs":5977.511409,"connPending":0.0,"connActive":0.0,"connMax":10.0}  rep=3 block=B
VIRTUAL conc=2000 conn=50 sync=false cpus=1 path=/sleep carrier=0 pinned=0 RESULT tps=4641.4 ok=92828 err=0 p50=406.4 p95=736.6 p99=813.3 stat={"threadCount":17,"peakThreadCount":17,"connAcquireCount":0,"connAcquireMeanMs":0.0,"connAcquireMaxMs":0.0,"connPending":0.0,"connActive":0.0,"connMax":50.0}  rep=2 block=A
PLATFORM conc=100 conn=50 sync=false cpus=1 path=/send carrier=0 pinned=0 RESULT tps=763.9 ok=11459 err=0 p50=91.6 p95=246.8 p99=1086.2 stat={"threadCount":115,"peakThreadCount":115,"connAcquireCount":30280,"connAcquireMeanMs":16.5486910094782,"connAcquireMaxMs":936.869015,"connPending":0.0,"connActive":0.0,"connMax":50.0}  rep=3 block=B
PLATFORM conc=1000 conn=50 sync=false cpus=1 path=/send carrier=0 pinned=0 RESULT tps=123.1 ok=2462 err=0 p50=12450.8 p95=17749.3 p99=17920.8 stat={"threadCount":215,"peakThreadCount":215,"connAcquireCount":9184,"connAcquireMeanMs":966.2365367174433,"connAcquireMaxMs":5208.688826,"connPending":0.0,"connActive":0.0,"connMax":50.0}  rep=2 block=B
PLATFORM conc=100 conn=50 sync=false cpus=1 path=/sleep carrier=0 pinned=0 RESULT tps=1965.0 ok=39300 err=0 p50=50.8 p95=52.0 p99=54.0 stat={"threadCount":114,"peakThreadCount":114,"connAcquireCount":0,"connAcquireMeanMs":0.0,"connAcquireMaxMs":0.0,"connPending":0.0,"connActive":0.0,"connMax":50.0}  rep=3 block=A
CF conc=100 conn=10 sync=false cpus=1 path=/send carrier=0 pinned=0 RESULT tps=174.2 ok=3484 err=0 p50=439.2 p95=1517.7 p99=1818.3 stat={"threadCount":315,"peakThreadCount":315,"connAcquireCount":10952,"connAcquireMeanMs":262.5954579024836,"connAcquireMaxMs":1894.335615,"connPending":0.0,"connActive":0.0,"connMax":10.0}  rep=2 block=B
PLATFORM conc=1000 conn=10 sync=false cpus=1 path=/send carrier=0 pinned=0 RESULT tps=136.9 ok=2054 err=0 p50=12647.5 p95=14137.3 p99=14272.0 stat={"threadCount":215,"peakThreadCount":215,"connAcquireCount":7286,"connAcquireMeanMs":1234.1914062098544,"connAcquireMaxMs":2992.838836,"connPending":0.0,"connActive":0.0,"connMax":10.0}  rep=3 block=B
PLATFORM conc=500 conn=50 sync=false cpus=1 path=/sleep carrier=0 pinned=0 RESULT tps=2554.9 ok=51098 err=0 p50=200.0 p95=297.5 p99=303.2 stat={"threadCount":214,"peakThreadCount":214,"connAcquireCount":0,"connAcquireMeanMs":0.0,"connAcquireMaxMs":0.0,"connPending":0.0,"connActive":0.0,"connMax":50.0}  rep=3 block=A
CF conc=100 conn=50 sync=false cpus=1 path=/send carrier=0 pinned=0 RESULT tps=995.5 ok=19909 err=0 p50=81.3 p95=163.5 p99=463.8 stat={"threadCount":316,"peakThreadCount":316,"connAcquireCount":56848,"connAcquireMeanMs":6.994477258162116,"connAcquireMaxMs":600.059783,"connPending":0.0,"connActive":0.0,"connMax":50.0}  rep=2 block=B
PLATFORM conc=1000 conn=50 sync=false cpus=1 path=/send carrier=0 pinned=0 RESULT tps=148.5 ok=2227 err=0 p50=11177.7 p95=12271.1 p99=12881.4 stat={"threadCount":215,"peakThreadCount":215,"connAcquireCount":7356,"connAcquireMeanMs":956.4457574732191,"connAcquireMaxMs":3702.489301,"connPending":0.0,"connActive":0.0,"connMax":50.0}  rep=3 block=B
PLATFORM conc=2000 conn=50 sync=false cpus=1 path=/sleep carrier=0 pinned=0 RESULT tps=3125.5 ok=62510 err=0 p50=510.5 p95=901.7 p99=951.0 stat={"threadCount":214,"peakThreadCount":214,"connAcquireCount":0,"connAcquireMeanMs":0.0,"connAcquireMaxMs":0.0,"connPending":0.0,"connActive":0.0,"connMax":50.0}  rep=3 block=A
CF conc=100 conn=10 sync=false cpus=1 path=/send carrier=0 pinned=0 RESULT tps=134.1 ok=2012 err=0 p50=602.8 p95=1639.7 p99=1856.1 stat={"threadCount":315,"peakThreadCount":315,"connAcquireCount":6802,"connAcquireMeanMs":306.6850680302852,"connAcquireMaxMs":1742.311865,"connPending":0.0,"connActive":0.0,"connMax":10.0}  rep=3 block=B
CF conc=1000 conn=10 sync=false cpus=1 path=/send carrier=0 pinned=0 RESULT tps=118.6 ok=2371 err=0 p50=14193.5 p95=15687.2 p99=15961.9 stat={"threadCount":415,"peakThreadCount":415,"connAcquireCount":8622,"connAcquireMeanMs":1228.04392275087,"connAcquireMaxMs":6353.003916,"connPending":0.0,"connActive":0.0,"connMax":10.0}  rep=2 block=B
CF conc=100 conn=50 sync=false cpus=1 path=/sleep carrier=0 pinned=0 RESULT tps=1954.5 ok=39089 err=0 p50=50.9 p95=52.6 p99=56.5 stat={"threadCount":115,"peakThreadCount":115,"connAcquireCount":0,"connAcquireMeanMs":0.0,"connAcquireMaxMs":0.0,"connPending":0.0,"connActive":0.0,"connMax":50.0}  rep=3 block=A
CF conc=100 conn=50 sync=false cpus=1 path=/send carrier=0 pinned=0 RESULT tps=705.2 ok=10578 err=0 p50=99.8 p95=324.3 p99=1058.8 stat={"threadCount":315,"peakThreadCount":315,"connAcquireCount":30708,"connAcquireMeanMs":13.647956943760583,"connAcquireMaxMs":1074.693657,"connPending":0.0,"connActive":0.0,"connMax":50.0}  rep=3 block=B
CF conc=500 conn=50 sync=false cpus=1 path=/sleep carrier=0 pinned=0 RESULT tps=2835.5 ok=56710 err=0 p50=194.2 p95=293.9 p99=300.6 stat={"threadCount":214,"peakThreadCount":214,"connAcquireCount":0,"connAcquireMeanMs":0.0,"connAcquireMaxMs":0.0,"connPending":0.0,"connActive":0.0,"connMax":50.0}  rep=3 block=A
CF conc=1000 conn=50 sync=false cpus=1 path=/send carrier=0 pinned=0 RESULT tps=134.4 ok=2688 err=0 p50=10830.7 p95=11764.4 p99=12358.5 stat={"threadCount":415,"peakThreadCount":415,"connAcquireCount":8900,"connAcquireMeanMs":904.6394108958427,"connAcquireMaxMs":2844.101544,"connPending":0.0,"connActive":0.0,"connMax":50.0}  rep=2 block=B
CF conc=1000 conn=10 sync=false cpus=1 path=/send carrier=0 pinned=0 RESULT tps=147.1 ok=2206 err=0 p50=12062.8 p95=12442.4 p99=12511.3 stat={"threadCount":415,"peakThreadCount":415,"connAcquireCount":7496,"connAcquireMeanMs":1137.952464211446,"connAcquireMaxMs":4287.613991,"connPending":0.0,"connActive":0.0,"connMax":10.0}  rep=3 block=B
CF conc=2000 conn=50 sync=false cpus=1 path=/sleep carrier=0 pinned=0 RESULT tps=3401.5 ok=68030 err=0 p50=506.1 p95=900.7 p99=950.1 stat={"threadCount":214,"peakThreadCount":214,"connAcquireCount":0,"connAcquireMeanMs":0.0,"connAcquireMaxMs":0.0,"connPending":0.0,"connActive":0.0,"connMax":50.0}  rep=3 block=A
VIRTUAL conc=100 conn=10 sync=false cpus=1 path=/send carrier=0 pinned=8 RESULT tps=72.4 ok=1447 err=0 p50=1450.2 p95=1718.3 p99=1758.2 stat={"threadCount":21,"peakThreadCount":22,"connAcquireCount":4590,"connAcquireMeanMs":0.007940493246187364,"connAcquireMaxMs":15.218525,"connPending":0.0,"connActive":0.0,"connMax":10.0}  rep=2 block=B
CF conc=1000 conn=50 sync=false cpus=1 path=/send carrier=0 pinned=0 RESULT tps=158.7 ok=2380 err=0 p50=9723.3 p95=10843.9 p99=11282.9 stat={"threadCount":415,"peakThreadCount":415,"connAcquireCount":8146,"connAcquireMeanMs":760.1839257849251,"connAcquireMaxMs":2245.924782,"connPending":0.0,"connActive":0.0,"connMax":50.0}  rep=3 block=B
VIRTUAL conc=100 conn=50 sync=false cpus=1 path=/sleep carrier=0 pinned=0 RESULT tps=1901.6 ok=38032 err=0 p50=52.4 p95=55.0 p99=57.2 stat={"threadCount":17,"peakThreadCount":17,"connAcquireCount":0,"connAcquireMeanMs":0.0,"connAcquireMaxMs":0.0,"connPending":0.0,"connActive":0.0,"connMax":50.0}  rep=3 block=A
VIRTUAL conc=100 conn=50 sync=false cpus=1 path=/send carrier=0 pinned=10 RESULT tps=71.9 ok=1437 err=0 p50=1438.5 p95=1732.7 p99=1756.7 stat={"threadCount":21,"peakThreadCount":22,"connAcquireCount":3334,"connAcquireMeanMs":0.014845937312537492,"connAcquireMaxMs":30.72505,"connPending":0.0,"connActive":0.0,"connMax":50.0}  rep=2 block=B
VIRTUAL conc=100 conn=10 sync=false cpus=1 path=/send carrier=0 pinned=8 RESULT tps=75.5 ok=1132 err=0 p50=1439.5 p95=1648.2 p99=1660.0 stat={"threadCount":21,"peakThreadCount":22,"connAcquireCount":3642,"connAcquireMeanMs":0.00990412355848435,"connAcquireMaxMs":16.972723,"connPending":0.0,"connActive":0.0,"connMax":10.0}  rep=3 block=B
VIRTUAL conc=500 conn=50 sync=false cpus=1 path=/sleep carrier=0 pinned=0 RESULT tps=6582.4 ok=131647 err=0 p50=65.8 p95=147.4 p99=188.5 stat={"threadCount":17,"peakThreadCount":17,"connAcquireCount":0,"connAcquireMeanMs":0.0,"connAcquireMaxMs":0.0,"connPending":0.0,"connActive":0.0,"connMax":50.0}  rep=3 block=A
VIRTUAL conc=100 conn=50 sync=false cpus=1 path=/send carrier=0 pinned=8 RESULT tps=63.2 ok=948 err=0 p50=1672.5 p95=2096.5 p99=2304.7 stat={"threadCount":21,"peakThreadCount":22,"connAcquireCount":3416,"connAcquireMeanMs":0.010564569379391101,"connAcquireMaxMs":15.690429,"connPending":0.0,"connActive":0.0,"connMax":50.0}  rep=3 block=B
VIRTUAL conc=1000 conn=10 sync=false cpus=1 path=/send carrier=0 pinned=8 RESULT tps=105.0 ok=2100 err=0 p50=14622.6 p95=17443.2 p99=17617.8 stat={"threadCount":20,"peakThreadCount":21,"connAcquireCount":8356,"connAcquireMeanMs":0.00695957958353279,"connAcquireMaxMs":30.366401,"connPending":0.0,"connActive":0.0,"connMax":10.0}  rep=2 block=B
VIRTUAL conc=2000 conn=50 sync=false cpus=1 path=/sleep carrier=0 pinned=0 RESULT tps=4979.8 ok=99595 err=0 p50=387.0 p95=680.2 p99=800.1 stat={"threadCount":17,"peakThreadCount":17,"connAcquireCount":0,"connAcquireMeanMs":0.0,"connAcquireMaxMs":0.0,"connPending":0.0,"connActive":0.0,"connMax":50.0}  rep=3 block=A
VIRTUAL conc=1000 conn=10 sync=false cpus=1 path=/send carrier=0 pinned=8 RESULT tps=100.2 ok=1503 err=0 p50=17494.6 p95=22897.2 p99=23599.1 stat={"threadCount":20,"peakThreadCount":21,"connAcquireCount":6366,"connAcquireMeanMs":0.015446983191957272,"connAcquireMaxMs":50.291477,"connPending":0.0,"connActive":0.0,"connMax":10.0}  rep=3 block=B
PLATFORM conc=100 conn=10 sync=false cpus=1 path=/send carrier=0 pinned=0 RESULT tps=164.0 ok=3279 err=0 p50=470.8 p95=1387.4 p99=1536.1 stat={"threadCount":115,"peakThreadCount":115,"connAcquireCount":11772,"connAcquireMeanMs":242.70241249864083,"connAcquireMaxMs":1447.152335,"connPending":0.0,"connActive":0.0,"connMax":10.0}  rep=1 block=B
VIRTUAL conc=1000 conn=50 sync=false cpus=1 path=/send carrier=0 pinned=10 RESULT tps=108.0 ok=2160 err=0 p50=15731.1 p95=18157.2 p99=18684.7 stat={"threadCount":20,"peakThreadCount":21,"connAcquireCount":7926,"connAcquireMeanMs":0.005596647236941711,"connAcquireMaxMs":15.191775,"connPending":0.0,"connActive":0.0,"connMax":50.0}  rep=2 block=B
PLATFORM conc=100 conn=50 sync=false cpus=1 path=/send carrier=0 pinned=0 RESULT tps=1048.2 ok=20963 err=0 p50=77.2 p95=162.4 p99=430.5 stat={"threadCount":115,"peakThreadCount":115,"connAcquireCount":60484,"connAcquireMeanMs":6.415962627752794,"connAcquireMaxMs":540.157339,"connPending":0.0,"connActive":0.0,"connMax":50.0}  rep=1 block=B
VIRTUAL conc=1000 conn=50 sync=false cpus=1 path=/send carrier=0 pinned=8 RESULT tps=110.7 ok=1661 err=0 p50=17694.9 p95=20500.8 p99=21281.9 stat={"threadCount":21,"peakThreadCount":22,"connAcquireCount":6174,"connAcquireMeanMs":0.007446660187884677,"connAcquireMaxMs":16.585144,"connPending":0.0,"connActive":0.0,"connMax":50.0}  rep=3 block=B
PLATFORM conc=100 conn=10 sync=false cpus=1 path=/send carrier=0 pinned=0 RESULT tps=174.6 ok=3491 err=0 p50=434.5 p95=1408.0 p99=1479.1 stat={"threadCount":115,"peakThreadCount":115,"connAcquireCount":10930,"connAcquireMeanMs":263.6543289178408,"connAcquireMaxMs":1328.246692,"connPending":0.0,"connActive":0.0,"connMax":10.0}  rep=3 block=B
PLATFORM conc=100 conn=50 sync=false cpus=1 path=/send carrier=0 pinned=0 RESULT tps=1053.7 ok=21073 err=0 p50=75.9 p95=158.8 p99=457.0 stat={"threadCount":115,"peakThreadCount":115,"connAcquireCount":60660,"connAcquireMeanMs":6.298981354681834,"connAcquireMaxMs":623.966957,"connPending":0.0,"connActive":0.0,"connMax":50.0}  rep=3 block=B
VIRTUAL conc=100 conn=50 sync=false cpus=1 path=/send carrier=1 pinned=8 RESULT tps=12.1 ok=181 err=0 p50=14393.6 p95=15480.9 p99=15572.9 stat={"threadCount":20,"peakThreadCount":20,"connAcquireCount":1168,"connAcquireMeanMs":0.05162834674657534,"connAcquireMaxMs":52.178992,"connPending":0.0,"connActive":0.0,"connMax":50.0}  rep=1 block=C carrier=1
PLATFORM conc=1000 conn=10 sync=false cpus=1 path=/send carrier=0 pinned=0 RESULT tps=98.4 ok=1967 err=0 p50=17994.9 p95=21316.6 p99=21415.3 stat={"threadCount":215,"peakThreadCount":215,"connAcquireCount":8030,"connAcquireMeanMs":1450.825924598879,"connAcquireMaxMs":4683.329629,"connPending":0.0,"connActive":0.0,"connMax":10.0}  rep=1 block=B
VIRTUAL conc=100 conn=50 sync=false cpus=1 path=/send carrier=8 pinned=10 RESULT tps=18.2 ok=273 err=0 p50=7215.6 p95=8316.7 p99=9373.0 stat={"threadCount":28,"peakThreadCount":28,"connAcquireCount":1754,"connAcquireMeanMs":0.0484535535917902,"connAcquireMaxMs":14.144332,"connPending":0.0,"connActive":0.0,"connMax":50.0}  rep=1 block=C carrier=8
PLATFORM conc=1000 conn=50 sync=false cpus=1 path=/send carrier=0 pinned=0 RESULT tps=118.4 ok=2367 err=0 p50=13721.5 p95=16091.3 p99=16213.7 stat={"threadCount":215,"peakThreadCount":215,"connAcquireCount":8584,"connAcquireMeanMs":1009.0511165202703,"connAcquireMaxMs":2849.994002,"connPending":0.0,"connActive":0.0,"connMax":50.0}  rep=1 block=B
VIRTUAL conc=100 conn=50 sync=false cpus=1 path=/send carrier=32 pinned=14 RESULT tps=296.8 ok=4452 err=0 p50=220.9 p95=953.5 p99=2407.8 stat={"threadCount":52,"peakThreadCount":52,"connAcquireCount":11504,"connAcquireMeanMs":0.5055339005563283,"connAcquireMaxMs":269.650156,"connPending":0.0,"connActive":0.0,"connMax":50.0}  rep=1 block=C carrier=32
PLATFORM conc=1000 conn=10 sync=false cpus=1 path=/send carrier=0 pinned=0 RESULT tps=85.5 ok=1710 err=0 p50=17429.6 p95=23029.3 p99=23954.2 stat={"threadCount":215,"peakThreadCount":215,"connAcquireCount":6458,"connAcquireMeanMs":2111.3455946277486,"connAcquireMaxMs":13006.152437,"connPending":0.0,"connActive":0.0,"connMax":10.0}  rep=3 block=B
CF conc=100 conn=10 sync=false cpus=1 path=/send carrier=0 pinned=0 RESULT tps=57.0 ok=1139 err=0 p50=836.4 p95=6936.0 p99=7050.6 stat={"threadCount":315,"peakThreadCount":315,"connAcquireCount":7316,"connAcquireMeanMs":406.66957241279385,"connAcquireMaxMs":6196.558868,"connPending":0.0,"connActive":0.0,"connMax":10.0}  rep=1 block=B
VIRTUAL conc=100 conn=50 sync=false cpus=1 path=/send carrier=1 pinned=8 RESULT tps=14.0 ok=210 err=0 p50=8024.7 p95=12680.4 p99=12685.7 stat={"threadCount":20,"peakThreadCount":20,"connAcquireCount":1546,"connAcquireMeanMs":0.014443001940491591,"connAcquireMaxMs":13.062736,"connPending":0.0,"connActive":0.0,"connMax":50.0}  rep=2 block=C carrier=1
PLATFORM conc=1000 conn=50 sync=false cpus=1 path=/send carrier=0 pinned=0 RESULT tps=125.2 ok=2504 err=0 p50=11818.3 p95=19503.0 p99=19814.5 stat={"threadCount":215,"peakThreadCount":215,"connAcquireCount":9162,"connAcquireMeanMs":999.9781716914429,"connAcquireMaxMs":3722.413709,"connPending":0.0,"connActive":0.0,"connMax":50.0}  rep=3 block=B
CF conc=100 conn=50 sync=false cpus=1 path=/send carrier=0 pinned=0 RESULT tps=858.7 ok=17174 err=0 p50=80.9 p95=198.7 p99=968.2 stat={"threadCount":316,"peakThreadCount":316,"connAcquireCount":50774,"connAcquireMeanMs":11.102753818253436,"connAcquireMaxMs":992.982384,"connPending":0.0,"connActive":0.0,"connMax":50.0}  rep=1 block=B
VIRTUAL conc=100 conn=50 sync=false cpus=1 path=/send carrier=8 pinned=12 RESULT tps=66.8 ok=1002 err=0 p50=1703.2 p95=2128.4 p99=2227.0 stat={"threadCount":28,"peakThreadCount":28,"connAcquireCount":2510,"connAcquireMeanMs":0.06020959561752988,"connAcquireMaxMs":60.153449,"connPending":0.0,"connActive":0.0,"connMax":50.0}  rep=2 block=C carrier=8
CF conc=100 conn=10 sync=false cpus=1 path=/send carrier=0 pinned=0 RESULT tps=102.5 ok=2050 err=0 p50=773.1 p95=2123.9 p99=3296.5 stat={"threadCount":315,"peakThreadCount":315,"connAcquireCount":8910,"connAcquireMeanMs":332.1385899264871,"connAcquireMaxMs":3247.878791,"connPending":0.0,"connActive":0.0,"connMax":10.0}  rep=3 block=B
VIRTUAL conc=100 conn=50 sync=false cpus=1 path=/send carrier=32 pinned=14 RESULT tps=331.5 ok=4973 err=0 p50=220.6 p95=620.4 p99=1240.9 stat={"threadCount":52,"peakThreadCount":52,"connAcquireCount":15628,"connAcquireMeanMs":0.5049520801126184,"connAcquireMaxMs":294.768296,"connPending":0.0,"connActive":0.0,"connMax":50.0}  rep=2 block=C carrier=32
CF conc=1000 conn=10 sync=false cpus=1 path=/send carrier=0 pinned=0 RESULT tps=111.0 ok=2219 err=0 p50=16233.7 p95=21303.8 p99=21379.7 stat={"threadCount":415,"peakThreadCount":415,"connAcquireCount":7988,"connAcquireMeanMs":1597.2320462717828,"connAcquireMaxMs":5488.03878,"connPending":0.0,"connActive":0.0,"connMax":10.0}  rep=1 block=B
CF conc=100 conn=50 sync=false cpus=1 path=/send carrier=0 pinned=0 RESULT tps=1027.9 ok=20558 err=0 p50=79.9 p95=152.5 p99=428.7 stat={"threadCount":315,"peakThreadCount":315,"connAcquireCount":59632,"connAcquireMeanMs":6.169118108884492,"connAcquireMaxMs":590.564445,"connPending":0.0,"connActive":0.0,"connMax":50.0}  rep=3 block=B
VIRTUAL conc=100 conn=50 sync=false cpus=1 path=/send carrier=1 pinned=8 RESULT tps=68.0 ok=1020 err=0 p50=1556.4 p95=2026.0 p99=2292.9 stat={"threadCount":20,"peakThreadCount":20,"connAcquireCount":2488,"connAcquireMeanMs":0.015898835209003218,"connAcquireMaxMs":26.62623,"connPending":0.0,"connActive":0.0,"connMax":50.0}  rep=3 block=C carrier=1
VIRTUAL conc=100 conn=50 sync=false cpus=1 path=/send carrier=8 pinned=10 RESULT tps=52.7 ok=791 err=0 p50=1132.6 p95=6951.1 p99=8290.9 stat={"threadCount":28,"peakThreadCount":28,"connAcquireCount":2160,"connAcquireMeanMs":0.12485498425925926,"connAcquireMaxMs":73.152059,"connPending":0.0,"connActive":0.0,"connMax":50.0}  rep=3 block=C carrier=8
CF conc=1000 conn=50 sync=false cpus=1 path=/send carrier=0 pinned=0 RESULT tps=126.2 ok=2523 err=0 p50=11929.2 p95=13204.4 p99=13694.3 stat={"threadCount":415,"peakThreadCount":415,"connAcquireCount":9378,"connAcquireMeanMs":853.8029244569204,"connAcquireMaxMs":2691.666894,"connPending":0.0,"connActive":0.0,"connMax":50.0}  rep=1 block=B
CF conc=1000 conn=10 sync=false cpus=1 path=/send carrier=0 pinned=0 RESULT tps=99.5 ok=1989 err=0 p50=14409.6 p95=19141.1 p99=20007.3 stat={"threadCount":415,"peakThreadCount":415,"connAcquireCount":6848,"connAcquireMeanMs":1687.2013593044683,"connAcquireMaxMs":9689.647823,"connPending":0.0,"connActive":0.0,"connMax":10.0}  rep=3 block=B
VIRTUAL conc=100 conn=50 sync=false cpus=1 path=/send carrier=32 pinned=26 RESULT tps=372.0 ok=5580 err=0 p50=214.9 p95=587.0 p99=914.9 stat={"threadCount":52,"peakThreadCount":52,"connAcquireCount":16158,"connAcquireMeanMs":0.20594209852704543,"connAcquireMaxMs":166.273723,"connPending":0.0,"connActive":0.0,"connMax":50.0}  rep=3 block=C carrier=32
VIRTUAL conc=100 conn=10 sync=false cpus=1 path=/send carrier=0 pinned=8 RESULT tps=15.3 ok=305 err=0 p50=7865.6 p95=11248.5 p99=11255.3 stat={"threadCount":21,"peakThreadCount":22,"connAcquireCount":2380,"connAcquireMeanMs":0.015405250840336133,"connAcquireMaxMs":15.522271,"connPending":0.0,"connActive":0.0,"connMax":10.0}  rep=1 block=B
VIRTUAL conc=100 conn=50 sync=false cpus=1 path=/send carrier=0 pinned=8 RESULT tps=13.7 ok=206 err=0 p50=10901.5 p95=11866.3 p99=11871.4 stat={"threadCount":21,"peakThreadCount":22,"connAcquireCount":958,"connAcquireMeanMs":0.051305712943632564,"connAcquireMaxMs":39.983899,"connPending":0.0,"connActive":0.0,"connMax":50.0}  rep=1 block=D
CF conc=1000 conn=50 sync=false cpus=1 path=/send carrier=0 pinned=0 RESULT tps=135.7 ok=2714 err=0 p50=10268.6 p95=11436.7 p99=11928.3 stat={"threadCount":415,"peakThreadCount":415,"connAcquireCount":9824,"connAcquireMeanMs":759.229664159202,"connAcquireMaxMs":2492.89055,"connPending":0.0,"connActive":0.0,"connMax":50.0}  rep=3 block=B
VIRTUAL conc=100 conn=50 sync=false cpus=1 path=/send carrier=0 pinned=8 RESULT tps=69.5 ok=1390 err=0 p50=1551.5 p95=1654.4 p99=1696.9 stat={"threadCount":21,"peakThreadCount":22,"connAcquireCount":3754,"connAcquireMeanMs":0.014970108417687799,"connAcquireMaxMs":36.636813,"connPending":0.0,"connActive":0.0,"connMax":50.0}  rep=1 block=B
VIRTUAL conc=100 conn=50 sync=true cpus=1 path=/send carrier=0 pinned=10 RESULT tps=21.3 ok=320 err=0 p50=6746.4 p95=6883.5 p99=6888.6 stat={"threadCount":21,"peakThreadCount":21,"connAcquireCount":1122,"connAcquireMeanMs":0.04063927183600713,"connAcquireMaxMs":32.25103,"connPending":0.0,"connActive":0.0,"connMax":50.0}  rep=1 block=D
VIRTUAL conc=100 conn=10 sync=false cpus=1 path=/send carrier=0 pinned=10 RESULT tps=70.7 ok=1414 err=0 p50=1514.9 p95=1722.2 p99=1785.9 stat={"threadCount":21,"peakThreadCount":22,"connAcquireCount":4834,"connAcquireMeanMs":0.008667128465039304,"connAcquireMaxMs":18.381097,"connPending":0.0,"connActive":0.0,"connMax":10.0}  rep=3 block=B
VIRTUAL conc=100 conn=50 sync=false cpus=1 path=/send carrier=0 pinned=8 RESULT tps=55.9 ok=838 err=0 p50=1669.5 p95=3806.5 p99=4347.5 stat={"threadCount":21,"peakThreadCount":22,"connAcquireCount":3216,"connAcquireMeanMs":0.01903740671641791,"connAcquireMaxMs":43.278394,"connPending":0.0,"connActive":0.0,"connMax":50.0}  rep=2 block=D
VIRTUAL conc=1000 conn=10 sync=false cpus=1 path=/send carrier=0 pinned=8 RESULT tps=105.2 ok=2104 err=0 p50=17153.9 p95=19663.5 p99=19721.4 stat={"threadCount":21,"peakThreadCount":22,"connAcquireCount":8108,"connAcquireMeanMs":0.0053075161568820915,"connAcquireMaxMs":14.080753,"connPending":0.0,"connActive":0.0,"connMax":10.0}  rep=1 block=B
VIRTUAL conc=100 conn=50 sync=false cpus=1 path=/send carrier=0 pinned=10 RESULT tps=52.5 ok=1050 err=0 p50=1687.0 p95=3961.3 p99=4589.3 stat={"threadCount":21,"peakThreadCount":21,"connAcquireCount":4206,"connAcquireMeanMs":0.016664570375653828,"connAcquireMaxMs":47.842548,"connPending":0.0,"connActive":0.0,"connMax":50.0}  rep=3 block=B
VIRTUAL conc=100 conn=50 sync=true cpus=1 path=/send carrier=0 pinned=10 RESULT tps=18.7 ok=280 err=0 p50=6601.1 p95=9340.1 p99=9619.3 stat={"threadCount":21,"peakThreadCount":21,"connAcquireCount":1068,"connAcquireMeanMs":0.023717919475655432,"connAcquireMaxMs":12.268773,"connPending":0.0,"connActive":0.0,"connMax":50.0}  rep=2 block=D
VIRTUAL conc=100 conn=50 sync=false cpus=1 path=/send carrier=0 pinned=8 RESULT tps=57.3 ok=860 err=0 p50=1593.4 p95=3873.8 p99=4428.4 stat={"threadCount":21,"peakThreadCount":22,"connAcquireCount":3246,"connAcquireMeanMs":0.017083263401109057,"connAcquireMaxMs":38.330621,"connPending":0.0,"connActive":0.0,"connMax":50.0}  rep=3 block=D
VIRTUAL conc=1000 conn=10 sync=false cpus=1 path=/send carrier=0 pinned=8 RESULT tps=91.5 ok=1830 err=0 p50=22440.6 p95=24332.7 p99=24523.9 stat={"threadCount":21,"peakThreadCount":22,"connAcquireCount":6904,"connAcquireMeanMs":0.005975807502896871,"connAcquireMaxMs":11.819478,"connPending":0.0,"connActive":0.0,"connMax":10.0}  rep=3 block=B
VIRTUAL conc=1000 conn=50 sync=false cpus=1 path=/send carrier=0 pinned=8 RESULT tps=82.7 ok=1654 err=0 p50=24279.8 p95=28796.7 p99=29008.3 stat={"threadCount":21,"peakThreadCount":21,"connAcquireCount":6582,"connAcquireMeanMs":0.01566518261926466,"connAcquireMaxMs":60.850156,"connPending":0.0,"connActive":0.0,"connMax":50.0}  rep=1 block=B
VIRTUAL conc=100 conn=50 sync=true cpus=1 path=/send carrier=0 pinned=10 RESULT tps=18.2 ok=273 err=0 p50=7924.7 p95=8785.5 p99=8911.3 stat={"threadCount":21,"peakThreadCount":21,"connAcquireCount":1052,"connAcquireMeanMs":0.02440909125475285,"connAcquireMaxMs":11.300795,"connPending":0.0,"connActive":0.0,"connMax":50.0}  rep=3 block=D
PLATFORM conc=100 conn=10 sync=false cpus=1 path=/send carrier=0 pinned=0 RESULT tps=203.2 ok=4064 err=0 p50=404.7 p95=1023.4 p99=1405.3 stat={"threadCount":115,"peakThreadCount":115,"connAcquireCount":13456,"connAcquireMeanMs":208.8474420793698,"connAcquireMaxMs":1329.175097,"connPending":0.0,"connActive":0.0,"connMax":10.0}  rep=2 block=B
VIRTUAL conc=1000 conn=50 sync=false cpus=1 path=/send carrier=0 pinned=8 RESULT tps=114.6 ok=2292 err=0 p50=14057.6 p95=22223.9 p99=23022.5 stat={"threadCount":20,"peakThreadCount":21,"connAcquireCount":8188,"connAcquireMeanMs":0.005038968124084026,"connAcquireMaxMs":14.798093,"connPending":0.0,"connActive":0.0,"connMax":50.0}  rep=3 block=B
PLATFORM conc=100 conn=50 sync=false cpus=1 path=/send carrier=0 pinned=0 RESULT tps=1022.3 ok=20446 err=0 p50=78.6 p95=165.1 p99=417.5 stat={"threadCount":116,"peakThreadCount":116,"connAcquireCount":60488,"connAcquireMeanMs":6.196576644557598,"connAcquireMaxMs":840.767844,"connPending":0.0,"connActive":0.0,"connMax":50.0}  rep=2 block=B
VIRTUAL conc=100 conn=50 sync=false cpus=1 path=/send carrier=1 pinned=8 RESULT tps=18.2 ok=364 err=0 p50=6761.9 p95=10153.6 p99=10201.2 stat={"threadCount":20,"peakThreadCount":20,"connAcquireCount":2758,"connAcquireMeanMs":0.009195579767947788,"connAcquireMaxMs":12.497737,"connPending":0.0,"connActive":0.0,"connMax":50.0}  rep=1 block=C carrier=1
PLATFORM conc=1000 conn=10 sync=false cpus=1 path=/send carrier=0 pinned=0 RESULT tps=131.4 ok=2628 err=0 p50=11478.5 p95=12865.3 p99=13333.7 stat={"threadCount":215,"peakThreadCount":215,"connAcquireCount":9776,"connAcquireMeanMs":1038.723419694558,"connAcquireMaxMs":3007.354572,"connPending":0.0,"connActive":0.0,"connMax":10.0}  rep=2 block=B
VIRTUAL conc=100 conn=50 sync=false cpus=1 path=/send carrier=8 pinned=8 RESULT tps=124.0 ok=2479 err=0 p50=850.7 p95=1115.9 p99=1145.0 stat={"threadCount":28,"peakThreadCount":28,"connAcquireCount":8082,"connAcquireMeanMs":0.010455832467211086,"connAcquireMaxMs":14.676666,"connPending":0.0,"connActive":0.0,"connMax":50.0}  rep=1 block=C carrier=8
VIRTUAL conc=100 conn=50 sync=false cpus=1 path=/send carrier=32 pinned=24 RESULT tps=470.9 ok=9417 err=0 p50=174.3 p95=462.6 p99=1441.1 stat={"threadCount":52,"peakThreadCount":52,"connAcquireCount":26048,"connAcquireMeanMs":0.12307925725583538,"connAcquireMaxMs":100.75326,"connPending":0.0,"connActive":0.0,"connMax":50.0}  rep=1 block=C carrier=32
PLATFORM conc=1000 conn=50 sync=false cpus=1 path=/send carrier=0 pinned=0 RESULT tps=116.5 ok=2330 err=0 p50=14109.8 p95=15089.6 p99=15671.3 stat={"threadCount":215,"peakThreadCount":215,"connAcquireCount":9240,"connAcquireMeanMs":868.6842687113636,"connAcquireMaxMs":3801.361014,"connPending":0.0,"connActive":0.0,"connMax":50.0}  rep=2 block=B
VIRTUAL conc=100 conn=50 sync=false cpus=1 path=/send carrier=1 pinned=8 RESULT tps=59.9 ok=1197 err=0 p50=1678.6 p95=3296.1 p99=3354.9 stat={"threadCount":20,"peakThreadCount":20,"connAcquireCount":4114,"connAcquireMeanMs":0.0066512476908118625,"connAcquireMaxMs":12.269486,"connPending":0.0,"connActive":0.0,"connMax":50.0}  rep=2 block=C carrier=1
CF conc=100 conn=10 sync=false cpus=1 path=/send carrier=0 pinned=0 RESULT tps=178.2 ok=3564 err=0 p50=462.5 p95=1296.3 p99=1539.8 stat={"threadCount":315,"peakThreadCount":315,"connAcquireCount":11214,"connAcquireMeanMs":256.0097550116818,"connAcquireMaxMs":1359.786185,"connPending":0.0,"connActive":0.0,"connMax":10.0}  rep=2 block=B
CF conc=100 conn=50 sync=false cpus=1 path=/send carrier=0 pinned=0 RESULT tps=1083.2 ok=21664 err=0 p50=75.9 p95=143.5 p99=380.9 stat={"threadCount":316,"peakThreadCount":316,"connAcquireCount":61278,"connAcquireMeanMs":6.037674098371357,"connAcquireMaxMs":570.123332,"connPending":0.0,"connActive":0.0,"connMax":50.0}  rep=2 block=B
VIRTUAL conc=100 conn=50 sync=false cpus=1 path=/send carrier=8 pinned=10 RESULT tps=79.1 ok=1582 err=0 p50=1215.8 p95=1922.6 p99=2417.0 stat={"threadCount":28,"peakThreadCount":28,"connAcquireCount":5070,"connAcquireMeanMs":0.08664661834319527,"connAcquireMaxMs":86.335446,"connPending":0.0,"connActive":0.0,"connMax":50.0}  rep=2 block=C carrier=8
VIRTUAL conc=100 conn=50 sync=false cpus=1 path=/send carrier=32 pinned=28 RESULT tps=577.5 ok=11549 err=0 p50=139.8 p95=368.9 p99=899.9 stat={"threadCount":52,"peakThreadCount":52,"connAcquireCount":33916,"connAcquireMeanMs":0.2766099285587923,"connAcquireMaxMs":285.396772,"connPending":0.0,"connActive":0.0,"connMax":50.0}  rep=2 block=C carrier=32
CF conc=1000 conn=10 sync=false cpus=1 path=/send carrier=0 pinned=0 RESULT tps=131.5 ok=2629 err=0 p50=11208.2 p95=12360.3 p99=12722.9 stat={"threadCount":415,"peakThreadCount":415,"connAcquireCount":9006,"connAcquireMeanMs":1217.4634239811237,"connAcquireMaxMs":3778.046563,"connPending":0.0,"connActive":0.0,"connMax":10.0}  rep=2 block=B
VIRTUAL conc=100 conn=50 sync=false cpus=1 path=/send carrier=1 pinned=8 RESULT tps=71.7 ok=1434 err=0 p50=1500.4 p95=1664.1 p99=1690.9 stat={"threadCount":20,"peakThreadCount":20,"connAcquireCount":3870,"connAcquireMeanMs":0.0063901217054263566,"connAcquireMaxMs":9.736372,"connPending":0.0,"connActive":0.0,"connMax":50.0}  rep=3 block=C carrier=1
CF conc=1000 conn=50 sync=false cpus=1 path=/send carrier=0 pinned=0 RESULT tps=132.3 ok=2645 err=0 p50=10791.9 p95=12299.7 p99=12748.4 stat={"threadCount":415,"peakThreadCount":415,"connAcquireCount":9574,"connAcquireMeanMs":811.3674269149781,"connAcquireMaxMs":2348.816072,"connPending":0.0,"connActive":0.0,"connMax":50.0}  rep=2 block=B
VIRTUAL conc=100 conn=50 sync=false cpus=1 path=/send carrier=8 pinned=8 RESULT tps=46.5 ok=929 err=0 p50=998.3 p95=6733.5 p99=7000.3 stat={"threadCount":28,"peakThreadCount":28,"connAcquireCount":3896,"connAcquireMeanMs":0.04216453208418892,"connAcquireMaxMs":87.592928,"connPending":0.0,"connActive":0.0,"connMax":50.0}  rep=3 block=C carrier=8
VIRTUAL conc=100 conn=10 sync=false cpus=1 path=/send carrier=0 pinned=8 RESULT tps=55.4 ok=1108 err=0 p50=1842.8 p95=3106.8 p99=3213.3 stat={"threadCount":21,"peakThreadCount":21,"connAcquireCount":4178,"connAcquireMeanMs":0.009157965294399233,"connAcquireMaxMs":14.570549,"connPending":0.0,"connActive":0.0,"connMax":10.0}  rep=2 block=B
VIRTUAL conc=100 conn=50 sync=false cpus=1 path=/send carrier=32 pinned=26 RESULT tps=550.4 ok=11007 err=0 p50=147.6 p95=362.9 p99=1085.7 stat={"threadCount":52,"peakThreadCount":52,"connAcquireCount":32814,"connAcquireMeanMs":0.28577834930212714,"connAcquireMaxMs":196.962474,"connPending":0.0,"connActive":0.0,"connMax":50.0}  rep=3 block=C carrier=32
VIRTUAL conc=100 conn=50 sync=false cpus=1 path=/send carrier=0 pinned=10 RESULT tps=67.3 ok=1346 err=0 p50=1590.3 p95=1706.9 p99=1750.3 stat={"threadCount":21,"peakThreadCount":21,"connAcquireCount":4818,"connAcquireMeanMs":0.007463169987546699,"connAcquireMaxMs":13.586049,"connPending":0.0,"connActive":0.0,"connMax":50.0}  rep=2 block=B
VIRTUAL conc=100 conn=50 sync=false cpus=1 path=/send carrier=0 pinned=8 RESULT tps=67.2 ok=1344 err=0 p50=1593.9 p95=1703.1 p99=1753.0 stat={"threadCount":21,"peakThreadCount":21,"connAcquireCount":4752,"connAcquireMeanMs":0.004806121212121212,"connAcquireMaxMs":2.085096,"connPending":0.0,"connActive":0.0,"connMax":50.0}  rep=1 block=D
VIRTUAL conc=100 conn=50 sync=true cpus=1 path=/send carrier=0 pinned=10 RESULT tps=20.1 ok=401 err=0 p50=6571.6 p95=6731.1 p99=6748.5 stat={"threadCount":21,"peakThreadCount":21,"connAcquireCount":1398,"connAcquireMeanMs":0.018785628755364804,"connAcquireMaxMs":12.225575,"connPending":0.0,"connActive":0.0,"connMax":50.0}  rep=1 block=D
VIRTUAL conc=1000 conn=10 sync=false cpus=1 path=/send carrier=0 pinned=8 RESULT tps=122.2 ok=2443 err=0 p50=12857.2 p95=13470.4 p99=13702.4 stat={"threadCount":20,"peakThreadCount":21,"connAcquireCount":8852,"connAcquireMeanMs":0.00508110641662901,"connAcquireMaxMs":14.746459,"connPending":0.0,"connActive":0.0,"connMax":10.0}  rep=2 block=B
VIRTUAL conc=100 conn=50 sync=false cpus=1 path=/send carrier=0 pinned=8 RESULT tps=62.8 ok=1256 err=0 p50=1560.9 p95=2804.9 p99=3394.0 stat={"threadCount":21,"peakThreadCount":21,"connAcquireCount":4690,"connAcquireMeanMs":0.007986345202558635,"connAcquireMaxMs":13.441559,"connPending":0.0,"connActive":0.0,"connMax":50.0}  rep=2 block=D
VIRTUAL conc=1000 conn=50 sync=false cpus=1 path=/send carrier=0 pinned=10 RESULT tps=120.8 ok=2416 err=0 p50=12722.7 p95=13788.8 p99=13904.6 stat={"threadCount":20,"peakThreadCount":21,"connAcquireCount":8468,"connAcquireMeanMs":0.007904024444969297,"connAcquireMaxMs":40.834076,"connPending":0.0,"connActive":0.0,"connMax":50.0}  rep=2 block=B
VIRTUAL conc=100 conn=50 sync=true cpus=1 path=/send carrier=0 pinned=10 RESULT tps=19.7 ok=394 err=0 p50=6513.9 p95=7425.0 p99=7465.9 stat={"threadCount":21,"peakThreadCount":21,"connAcquireCount":1440,"connAcquireMeanMs":0.040552472916666665,"connAcquireMaxMs":42.22097,"connPending":0.0,"connActive":0.0,"connMax":50.0}  rep=2 block=D
PLATFORM conc=100 conn=10 sync=false cpus=1 path=/send carrier=0 pinned=0 RESULT tps=203.0 ok=4060 err=0 p50=402.8 p95=1036.5 p99=1105.5 stat={"threadCount":115,"peakThreadCount":115,"connAcquireCount":13910,"connAcquireMeanMs":201.5345754951833,"connAcquireMaxMs":968.655075,"connPending":0.0,"connActive":0.0,"connMax":10.0}  rep=3 block=B
VIRTUAL conc=100 conn=50 sync=false cpus=1 path=/send carrier=0 pinned=8 RESULT tps=57.9 ok=1158 err=0 p50=1923.2 p95=3355.0 p99=3573.3 stat={"threadCount":21,"peakThreadCount":21,"connAcquireCount":4554,"connAcquireMeanMs":0.0053830485287659205,"connAcquireMaxMs":3.393723,"connPending":0.0,"connActive":0.0,"connMax":50.0}  rep=3 block=D
PLATFORM conc=100 conn=50 sync=false cpus=1 path=/send carrier=0 pinned=0 RESULT tps=1012.7 ok=20253 err=0 p50=78.3 p95=173.1 p99=466.7 stat={"threadCount":115,"peakThreadCount":115,"connAcquireCount":60002,"connAcquireMeanMs":6.504562503266558,"connAcquireMaxMs":538.701891,"connPending":0.0,"connActive":0.0,"connMax":50.0}  rep=3 block=B
VIRTUAL conc=100 conn=50 sync=true cpus=1 path=/send carrier=0 pinned=10 RESULT tps=13.9 ok=277 err=0 p50=9271.9 p95=10784.3 p99=10845.6 stat={"threadCount":21,"peakThreadCount":21,"connAcquireCount":1206,"connAcquireMeanMs":0.02395610945273632,"connAcquireMaxMs":13.674021,"connPending":0.0,"connActive":0.0,"connMax":50.0}  rep=3 block=D
PLATFORM conc=1000 conn=10 sync=false cpus=1 path=/send carrier=0 pinned=0 RESULT tps=146.2 ok=2924 err=0 p50=10047.6 p95=10421.0 p99=10591.0 stat={"threadCount":215,"peakThreadCount":215,"connAcquireCount":10560,"connAcquireMeanMs":923.6030964480113,"connAcquireMaxMs":2913.399242,"connPending":0.0,"connActive":0.0,"connMax":10.0}  rep=3 block=B
