run_id	block	rep	order	model	path	conc	conn	sync	jdk	cj	carrier
r1-01-E4	E4	1	1	VIRTUAL	/send	100	50	NONE	21	9.7.0	1
r1-02-E1	E1	1	2	CF	/send	1000	50	NONE	21	8.3.0	0
r1-03-E2	E2	1	3	PLATFORM	/send	1000	50	NONE	21	9.7.0	0
r1-04-E4	E4	1	4	VIRTUAL	/send	100	50	NONE	21	8.3.0	8
r1-05-E2	E2	1	5	PLATFORM	/send	100	50	NONE	25	8.3.0	0
r1-06-E1	E1	1	6	VIRTUAL	/sleep	2000	50	NONE	21	8.3.0	0
r1-07-E3	E3	1	7	VIRTUAL	/send	100	50	GLOBAL_ALL	25	9.7.0	0
r1-08-E4	E4	1	8	VIRTUAL	/send	100	50	NONE	21	8.3.0	4
r1-09-E1	E1	1	9	VIRTUAL	/sleep	500	50	NONE	21	8.3.0	0
r1-10-E3	E3	1	10	PLATFORM	/send	100	50	GLOBAL_JDBC	21	9.7.0	0
r1-11-E1	E1	1	11	PLATFORM	/send	1000	50	NONE	21	8.3.0	0
r1-12-E1	E1	1	12	VIRTUAL	/send	1000	50	NONE	21	8.3.0	0
r1-13-E4	E4	1	13	VIRTUAL	/send	100	50	NONE	21	9.7.0	32
r1-14-E4	E4	1	14	VIRTUAL	/send	100	50	NONE	21	9.7.0	8
r1-15-E2	E2	1	15	VIRTUAL	/send	1000	50	NONE	21	9.7.0	0
r1-16-E3	E3	1	16	PLATFORM	/send	100	50	GLOBAL_ALL	21	9.7.0	0
r1-17-E1	E1	1	17	PLATFORM	/send	100	10	NONE	21	8.3.0	0
r1-18-E1	E1	1	18	PLATFORM	/sleep	2000	50	NONE	21	8.3.0	0
r1-19-E2	E2	1	19	PLATFORM	/send	100	50	NONE	25	9.7.0	0
r1-20-E1	E1	1	20	PLATFORM	/sleep	500	50	NONE	21	8.3.0	0
r1-21-E1	E1	1	21	VIRTUAL	/send	100	10	NONE	21	8.3.0	0
r1-22-E1	E1	1	22	VIRTUAL	/send	100	50	NONE	21	8.3.0	0
r1-23-E1	E1	1	23	PLATFORM	/send	1000	10	NONE	21	8.3.0	0
r1-24-E1	E1	1	24	CF	/send	100	50	NONE	21	8.3.0	0
r1-25-E1	E1	1	25	VIRTUAL	/send	1000	10	NONE	21	8.3.0	0
r1-26-E2	E2	1	26	VIRTUAL	/send	1000	50	NONE	25	8.3.0	0
r1-27-E2	E2	1	27	VIRTUAL	/send	100	50	NONE	21	9.7.0	0
r1-28-E2	E2	1	28	VIRTUAL	/send	100	50	NONE	25	8.3.0	0
r1-29-E3	E3	1	29	VIRTUAL	/send	100	50	GLOBAL_JDBC	25	9.7.0	0
r1-30-E1	E1	1	30	PLATFORM	/send	100	50	NONE	21	8.3.0	0
r1-31-E3	E3	1	31	PLATFORM	/send	100	50	GLOBAL_ALL	25	9.7.0	0
r1-32-E1	E1	1	32	CF	/send	100	10	NONE	21	8.3.0	0
r1-33-E2	E2	1	33	PLATFORM	/send	1000	50	NONE	25	9.7.0	0
r1-34-E1	E1	1	34	VIRTUAL	/sleep	100	50	NONE	21	8.3.0	0
r1-35-E4	E4	1	35	VIRTUAL	/send	100	50	NONE	21	8.3.0	1
r1-36-E3	E3	1	36	VIRTUAL	/send	100	50	GLOBAL_ALL	21	9.7.0	0
r1-37-E1	E1	1	37	CF	/send	1000	10	NONE	21	8.3.0	0
r1-38-E3	E3	1	38	PLATFORM	/send	100	50	GLOBAL_JDBC	25	9.7.0	0
r1-39-E2	E2	1	39	PLATFORM	/send	100	50	NONE	21	9.7.0	0
r1-40-E4	E4	1	40	VIRTUAL	/send	100	50	NONE	21	8.3.0	32
r1-41-E1	E1	1	41	PLATFORM	/sleep	100	50	NONE	21	8.3.0	0
r1-42-E3	E3	1	42	VIRTUAL	/send	100	50	GLOBAL_JDBC	21	9.7.0	0
r1-43-E2	E2	1	43	PLATFORM	/send	1000	50	NONE	25	8.3.0	0
r1-44-E4	E4	1	44	VIRTUAL	/send	100	50	NONE	21	8.3.0	16
r1-45-E2	E2	1	45	VIRTUAL	/send	1000	50	NONE	25	9.7.0	0
r1-46-E4	E4	1	46	VIRTUAL	/send	100	50	NONE	21	8.3.0	2
r1-47-E2	E2	1	47	VIRTUAL	/send	100	50	NONE	25	9.7.0	0
r2-01-E1	E1	2	1	CF	/send	1000	10	NONE	21	8.3.0	0
r2-02-E1	E1	2	2	PLATFORM	/sleep	500	50	NONE	21	8.3.0	0
r2-03-E1	E1	2	3	CF	/send	1000	50	NONE	21	8.3.0	0
r2-04-E1	E1	2	4	PLATFORM	/send	1000	50	NONE	21	8.3.0	0
r2-05-E1	E1	2	5	VIRTUAL	/send	100	10	NONE	21	8.3.0	0
r2-06-E4	E4	2	6	VIRTUAL	/send	100	50	NONE	21	9.7.0	32
r2-07-E2	E2	2	7	VIRTUAL	/send	1000	50	NONE	21	9.7.0	0
r2-08-E4	E4	2	8	VIRTUAL	/send	100	50	NONE	21	8.3.0	4
r2-09-E4	E4	2	9	VIRTUAL	/send	100	50	NONE	21	9.7.0	1
r2-10-E3	E3	2	10	VIRTUAL	/send	100	50	GLOBAL_JDBC	25	9.7.0	0
r2-11-E1	E1	2	11	VIRTUAL	/sleep	100	50	NONE	21	8.3.0	0
r2-12-E1	E1	2	12	VIRTUAL	/sleep	2000	50	NONE	21	8.3.0	0
r2-13-E2	E2	2	13	VIRTUAL	/send	100	50	NONE	25	8.3.0	0
r2-14-E1	E1	2	14	CF	/send	100	10	NONE	21	8.3.0	0
r2-15-E3	E3	2	15	VIRTUAL	/send	100	50	GLOBAL_JDBC	21	9.7.0	0
r2-16-E2	E2	2	16	PLATFORM	/send	100	50	NONE	25	9.7.0	0
r2-17-E4	E4	2	17	VIRTUAL	/send	100	50	NONE	21	8.3.0	1
r2-18-E2	E2	2	18	VIRTUAL	/send	1000	50	NONE	25	9.7.0	0
r2-19-E2	E2	2	19	VIRTUAL	/send	100	50	NONE	25	9.7.0	0
r2-20-E4	E4	2	20	VIRTUAL	/send	100	50	NONE	21	8.3.0	8
r2-21-E1	E1	2	21	CF	/send	100	50	NONE	21	8.3.0	0
r2-22-E2	E2	2	22	PLATFORM	/send	1000	50	NONE	25	9.7.0	0
r2-23-E1	E1	2	23	VIRTUAL	/send	100	50	NONE	21	8.3.0	0
r2-24-E1	E1	2	24	PLATFORM	/send	1000	10	NONE	21	8.3.0	0
r2-25-E4	E4	2	25	VIRTUAL	/send	100	50	NONE	21	8.3.0	2
r2-26-E3	E3	2	26	PLATFORM	/send	100	50	GLOBAL_JDBC	21	9.7.0	0
r2-27-E1	E1	2	27	VIRTUAL	/send	1000	50	NONE	21	8.3.0	0
r2-28-E4	E4	2	28	VIRTUAL	/send	100	50	NONE	21	8.3.0	32
r2-29-E2	E2	2	29	PLATFORM	/send	100	50	NONE	25	8.3.0	0
r2-30-E4	E4	2	30	VIRTUAL	/send	100	50	NONE	21	8.3.0	16
r2-31-E3	E3	2	31	VIRTUAL	/send	100	50	GLOBAL_ALL	25	9.7.0	0
r2-32-E2	E2	2	32	VIRTUAL	/send	100	50	NONE	21	9.7.0	0
r2-33-E1	E1	2	33	PLATFORM	/sleep	100	50	NONE	21	8.3.0	0
r2-34-E1	E1	2	34	PLATFORM	/sleep	2000	50	NONE	21	8.3.0	0
r2-35-E1	E1	2	35	PLATFORM	/send	100	50	NONE	21	8.3.0	0
r2-36-E3	E3	2	36	PLATFORM	/send	100	50	GLOBAL_JDBC	25	9.7.0	0
r2-37-E3	E3	2	37	PLATFORM	/send	100	50	GLOBAL_ALL	21	9.7.0	0
r2-38-E1	E1	2	38	VIRTUAL	/send	1000	10	NONE	21	8.3.0	0
r2-39-E1	E1	2	39	VIRTUAL	/sleep	500	50	NONE	21	8.3.0	0
r2-40-E2	E2	2	40	PLATFORM	/send	1000	50	NONE	25	8.3.0	0
r2-41-E2	E2	2	41	PLATFORM	/send	100	50	NONE	21	9.7.0	0
r2-42-E2	E2	2	42	VIRTUAL	/send	1000	50	NONE	25	8.3.0	0
r2-43-E2	E2	2	43	PLATFORM	/send	1000	50	NONE	21	9.7.0	0
r2-44-E3	E3	2	44	PLATFORM	/send	100	50	GLOBAL_ALL	25	9.7.0	0
r2-45-E4	E4	2	45	VIRTUAL	/send	100	50	NONE	21	9.7.0	8
r2-46-E1	E1	2	46	PLATFORM	/send	100	10	NONE	21	8.3.0	0
r2-47-E3	E3	2	47	VIRTUAL	/send	100	50	GLOBAL_ALL	21	9.7.0	0
r3-01-E2	E2	3	1	PLATFORM	/send	100	50	NONE	21	9.7.0	0
r3-02-E2	E2	3	2	VIRTUAL	/send	1000	50	NONE	21	9.7.0	0
r3-03-E1	E1	3	3	VIRTUAL	/sleep	2000	50	NONE	21	8.3.0	0
r3-04-E3	E3	3	4	VIRTUAL	/send	100	50	GLOBAL_JDBC	21	9.7.0	0
r3-05-E1	E1	3	5	CF	/send	100	50	NONE	21	8.3.0	0
r3-06-E2	E2	3	6	VIRTUAL	/send	100	50	NONE	25	9.7.0	0
r3-07-E1	E1	3	7	PLATFORM	/sleep	100	50	NONE	21	8.3.0	0
r3-08-E2	E2	3	8	PLATFORM	/send	100	50	NONE	25	9.7.0	0
r3-09-E2	E2	3	9	VIRTUAL	/send	100	50	NONE	21	9.7.0	0
r3-10-E1	E1	3	10	VIRTUAL	/send	100	50	NONE	21	8.3.0	0
r3-11-E4	E4	3	11	VIRTUAL	/send	100	50	NONE	21	8.3.0	8
r3-12-E3	E3	3	12	PLATFORM	/send	100	50	GLOBAL_JDBC	25	9.7.0	0
r3-13-E1	E1	3	13	CF	/send	1000	10	NONE	21	8.3.0	0
r3-14-E2	E2	3	14	VIRTUAL	/send	1000	50	NONE	25	8.3.0	0
r3-15-E1	E1	3	15	PLATFORM	/send	1000	50	NONE	21	8.3.0	0
r3-16-E4	E4	3	16	VIRTUAL	/send	100	50	NONE	21	9.7.0	32
r3-17-E1	E1	3	17	PLATFORM	/sleep	2000	50	NONE	21	8.3.0	0
r3-18-E1	E1	3	18	CF	/send	100	10	NONE	21	8.3.0	0
r3-19-E4	E4	3	19	VIRTUAL	/send	100	50	NONE	21	8.3.0	32
r3-20-E3	E3	3	20	VIRTUAL	/send	100	50	GLOBAL_JDBC	25	9.7.0	0
r3-21-E3	E3	3	21	PLATFORM	/send	100	50	GLOBAL_ALL	25	9.7.0	0
r3-22-E2	E2	3	22	PLATFORM	/send	1000	50	NONE	25	9.7.0	0
r3-23-E3	E3	3	23	PLATFORM	/send	100	50	GLOBAL_JDBC	21	9.7.0	0
r3-24-E2	E2	3	24	PLATFORM	/send	100	50	NONE	25	8.3.0	0
r3-25-E1	E1	3	25	VIRTUAL	/send	1000	50	NONE	21	8.3.0	0
r3-26-E1	E1	3	26	VIRTUAL	/send	100	10	NONE	21	8.3.0	0
r3-27-E4	E4	3	27	VIRTUAL	/send	100	50	NONE	21	9.7.0	8
r3-28-E1	E1	3	28	VIRTUAL	/sleep	100	50	NONE	21	8.3.0	0
r3-29-E4	E4	3	29	VIRTUAL	/send	100	50	NONE	21	8.3.0	2
r3-30-E1	E1	3	30	CF	/send	1000	50	NONE	21	8.3.0	0
r3-31-E4	E4	3	31	VIRTUAL	/send	100	50	NONE	21	8.3.0	1
r3-32-E1	E1	3	32	PLATFORM	/send	100	10	NONE	21	8.3.0	0
r3-33-E1	E1	3	33	VIRTUAL	/sleep	500	50	NONE	21	8.3.0	0
r3-34-E1	E1	3	34	PLATFORM	/sleep	500	50	NONE	21	8.3.0	0
r3-35-E2	E2	3	35	PLATFORM	/send	1000	50	NONE	25	8.3.0	0
r3-36-E3	E3	3	36	VIRTUAL	/send	100	50	GLOBAL_ALL	21	9.7.0	0
r3-37-E4	E4	3	37	VIRTUAL	/send	100	50	NONE	21	8.3.0	4
r3-38-E2	E2	3	38	PLATFORM	/send	1000	50	NONE	21	9.7.0	0
r3-39-E4	E4	3	39	VIRTUAL	/send	100	50	NONE	21	9.7.0	1
r3-40-E2	E2	3	40	VIRTUAL	/send	1000	50	NONE	25	9.7.0	0
r3-41-E1	E1	3	41	PLATFORM	/send	100	50	NONE	21	8.3.0	0
r3-42-E4	E4	3	42	VIRTUAL	/send	100	50	NONE	21	8.3.0	16
r3-43-E1	E1	3	43	PLATFORM	/send	1000	10	NONE	21	8.3.0	0
r3-44-E2	E2	3	44	VIRTUAL	/send	100	50	NONE	25	8.3.0	0
r3-45-E3	E3	3	45	VIRTUAL	/send	100	50	GLOBAL_ALL	25	9.7.0	0
r3-46-E1	E1	3	46	VIRTUAL	/send	1000	10	NONE	21	8.3.0	0
r3-47-E3	E3	3	47	PLATFORM	/send	100	50	GLOBAL_ALL	21	9.7.0	0
r4-01-E1	E1	4	1	PLATFORM	/send	1000	10	NONE	21	8.3.0	0
r4-02-E1	E1	4	2	PLATFORM	/sleep	100	50	NONE	21	8.3.0	0
r4-03-E1	E1	4	3	PLATFORM	/send	1000	50	NONE	21	8.3.0	0
r4-04-E2	E2	4	4	VIRTUAL	/send	100	50	NONE	21	9.7.0	0
r4-05-E3	E3	4	5	VIRTUAL	/send	100	50	GLOBAL_JDBC	21	9.7.0	0
r4-06-E2	E2	4	6	PLATFORM	/send	100	50	NONE	25	9.7.0	0
r4-07-E4	E4	4	7	VIRTUAL	/send	100	50	NONE	21	9.7.0	1
r4-08-E1	E1	4	8	VIRTUAL	/send	100	10	NONE	21	8.3.0	0
r4-09-E1	E1	4	9	PLATFORM	/send	100	50	NONE	21	8.3.0	0
r4-10-E4	E4	4	10	VIRTUAL	/send	100	50	NONE	21	8.3.0	1
r4-11-E4	E4	4	11	VIRTUAL	/send	100	50	NONE	21	8.3.0	4
r4-12-E2	E2	4	12	VIRTUAL	/send	1000	50	NONE	25	9.7.0	0
r4-13-E2	E2	4	13	PLATFORM	/send	100	50	NONE	21	9.7.0	0
r4-14-E4	E4	4	14	VIRTUAL	/send	100	50	NONE	21	8.3.0	16
r4-15-E1	E1	4	15	VIRTUAL	/send	1000	10	NONE	21	8.3.0	0
r4-16-E1	E1	4	16	VIRTUAL	/sleep	500	50	NONE	21	8.3.0	0
r4-17-E4	E4	4	17	VIRTUAL	/send	100	50	NONE	21	8.3.0	32
r4-18-E1	E1	4	18	CF	/send	1000	10	NONE	21	8.3.0	0
r4-19-E2	E2	4	19	PLATFORM	/send	1000	50	NONE	21	9.7.0	0
r4-20-E2	E2	4	20	VIRTUAL	/send	1000	50	NONE	21	9.7.0	0
r4-21-E1	E1	4	21	VIRTUAL	/sleep	2000	50	NONE	21	8.3.0	0
r4-22-E2	E2	4	22	VIRTUAL	/send	1000	50	NONE	25	8.3.0	0
r4-23-E2	E2	4	23	VIRTUAL	/send	100	50	NONE	25	8.3.0	0
r4-24-E1	E1	4	24	CF	/send	1000	50	NONE	21	8.3.0	0
r4-25-E1	E1	4	25	PLATFORM	/send	100	10	NONE	21	8.3.0	0
r4-26-E3	E3	4	26	PLATFORM	/send	100	50	GLOBAL_ALL	25	9.7.0	0
r4-27-E4	E4	4	27	VIRTUAL	/send	100	50	NONE	21	8.3.0	8
r4-28-E3	E3	4	28	PLATFORM	/send	100	50	GLOBAL_JDBC	21	9.7.0	0
r4-29-E3	E3	4	29	PLATFORM	/send	100	50	GLOBAL_ALL	21	9.7.0	0
r4-30-E1	E1	4	30	CF	/send	100	10	NONE	21	8.3.0	0
r4-31-E4	E4	4	31	VIRTUAL	/send	100	50	NONE	21	9.7.0	8
r4-32-E4	E4	4	32	VIRTUAL	/send	100	50	NONE	21	8.3.0	2
r4-33-E1	E1	4	33	PLATFORM	/sleep	2000	50	NONE	21	8.3.0	0
r4-34-E1	E1	4	34	PLATFORM	/sleep	500	50	NONE	21	8.3.0	0
r4-35-E2	E2	4	35	VIRTUAL	/send	100	50	NONE	25	9.7.0	0
r4-36-E2	E2	4	36	PLATFORM	/send	100	50	NONE	25	8.3.0	0
r4-37-E1	E1	4	37	VIRTUAL	/sleep	100	50	NONE	21	8.3.0	0
r4-38-E1	E1	4	38	VIRTUAL	/send	100	50	NONE	21	8.3.0	0
r4-39-E4	E4	4	39	VIRTUAL	/send	100	50	NONE	21	9.7.0	32
r4-40-E1	E1	4	40	VIRTUAL	/send	1000	50	NONE	21	8.3.0	0
r4-41-E3	E3	4	41	VIRTUAL	/send	100	50	GLOBAL_ALL	25	9.7.0	0
r4-42-E2	E2	4	42	PLATFORM	/send	1000	50	NONE	25	8.3.0	0
r4-43-E2	E2	4	43	PLATFORM	/send	1000	50	NONE	25	9.7.0	0
r4-44-E3	E3	4	44	PLATFORM	/send	100	50	GLOBAL_JDBC	25	9.7.0	0
r4-45-E3	E3	4	45	VIRTUAL	/send	100	50	GLOBAL_ALL	21	9.7.0	0
r4-46-E3	E3	4	46	VIRTUAL	/send	100	50	GLOBAL_JDBC	25	9.7.0	0
r4-47-E1	E1	4	47	CF	/send	100	50	NONE	21	8.3.0	0
r5-01-E2	E2	5	1	PLATFORM	/send	1000	50	NONE	21	9.7.0	0
r5-02-E1	E1	5	2	VIRTUAL	/send	100	10	NONE	21	8.3.0	0
r5-03-E2	E2	5	3	VIRTUAL	/send	1000	50	NONE	25	8.3.0	0
r5-04-E3	E3	5	4	PLATFORM	/send	100	50	GLOBAL_JDBC	21	9.7.0	0
r5-05-E4	E4	5	5	VIRTUAL	/send	100	50	NONE	21	9.7.0	32
r5-06-E1	E1	5	6	PLATFORM	/send	1000	50	NONE	21	8.3.0	0
r5-07-E1	E1	5	7	PLATFORM	/sleep	100	50	NONE	21	8.3.0	0
r5-08-E4	E4	5	8	VIRTUAL	/send	100	50	NONE	21	9.7.0	8
r5-09-E1	E1	5	9	VIRTUAL	/send	1000	50	NONE	21	8.3.0	0
r5-10-E2	E2	5	10	VIRTUAL	/send	1000	50	NONE	25	9.7.0	0
r5-11-E1	E1	5	11	VIRTUAL	/sleep	2000	50	NONE	21	8.3.0	0
r5-12-E3	E3	5	12	VIRTUAL	/send	100	50	GLOBAL_ALL	25	9.7.0	0
r5-13-E2	E2	5	13	PLATFORM	/send	100	50	NONE	25	8.3.0	0
r5-14-E1	E1	5	14	PLATFORM	/send	100	50	NONE	21	8.3.0	0
r5-15-E2	E2	5	15	PLATFORM	/send	1000	50	NONE	25	9.7.0	0
r5-16-E1	E1	5	16	VIRTUAL	/send	100	50	NONE	21	8.3.0	0
r5-17-E1	E1	5	17	CF	/send	100	10	NONE	21	8.3.0	0
r5-18-E1	E1	5	18	VIRTUAL	/send	1000	10	NONE	21	8.3.0	0
r5-19-E3	E3	5	19	PLATFORM	/send	100	50	GLOBAL_ALL	25	9.7.0	0
r5-20-E1	E1	5	20	PLATFORM	/send	1000	10	NONE	21	8.3.0	0
r5-21-E4	E4	5	21	VIRTUAL	/send	100	50	NONE	21	8.3.0	1
r5-22-E1	E1	5	22	PLATFORM	/sleep	500	50	NONE	21	8.3.0	0
r5-23-E2	E2	5	23	PLATFORM	/send	100	50	NONE	21	9.7.0	0
r5-24-E4	E4	5	24	VIRTUAL	/send	100	50	NONE	21	8.3.0	8
r5-25-E1	E1	5	25	PLATFORM	/sleep	2000	50	NONE	21	8.3.0	0
r5-26-E1	E1	5	26	CF	/send	100	50	NONE	21	8.3.0	0
r5-27-E4	E4	5	27	VIRTUAL	/send	100	50	NONE	21	8.3.0	2
r5-28-E3	E3	5	28	VIRTUAL	/send	100	50	GLOBAL_JDBC	25	9.7.0	0
r5-29-E1	E1	5	29	PLATFORM	/send	100	10	NONE	21	8.3.0	0
r5-30-E3	E3	5	30	VIRTUAL	/send	100	50	GLOBAL_JDBC	21	9.7.0	0
r5-31-E1	E1	5	31	VIRTUAL	/sleep	500	50	NONE	21	8.3.0	0
r5-32-E2	E2	5	32	PLATFORM	/send	1000	50	NONE	25	8.3.0	0
r5-33-E2	E2	5	33	VIRTUAL	/send	100	50	NONE	21	9.7.0	0
r5-34-E3	E3	5	34	PLATFORM	/send	100	50	GLOBAL_JDBC	25	9.7.0	0
r5-35-E4	E4	5	35	VIRTUAL	/send	100	50	NONE	21	8.3.0	16
r5-36-E1	E1	5	36	VIRTUAL	/sleep	100	50	NONE	21	8.3.0	0
r5-37-E2	E2	5	37	VIRTUAL	/send	100	50	NONE	25	8.3.0	0
r5-38-E3	E3	5	38	PLATFORM	/send	100	50	GLOBAL_ALL	21	9.7.0	0
r5-39-E1	E1	5	39	CF	/send	1000	10	NONE	21	8.3.0	0
r5-40-E3	E3	5	40	VIRTUAL	/send	100	50	GLOBAL_ALL	21	9.7.0	0
r5-41-E4	E4	5	41	VIRTUAL	/send	100	50	NONE	21	8.3.0	32
r5-42-E4	E4	5	42	VIRTUAL	/send	100	50	NONE	21	9.7.0	1
r5-43-E4	E4	5	43	VIRTUAL	/send	100	50	NONE	21	8.3.0	4
r5-44-E2	E2	5	44	VIRTUAL	/send	100	50	NONE	25	9.7.0	0
r5-45-E2	E2	5	45	VIRTUAL	/send	1000	50	NONE	21	9.7.0	0
r5-46-E1	E1	5	46	CF	/send	1000	50	NONE	21	8.3.0	0
r5-47-E2	E2	5	47	PLATFORM	/send	100	50	NONE	25	9.7.0	0
