run_id,block,rep,order,model,path,conc,conn,sync,jdk,cj,carrier,tps,p50,p95,p99,max,perSecCv,drained,cpuUtil,gcMs,threads,connWaitMs,appTotalMs,appDbMs,appChannelMs,appLockMs,appOtherMs,pinnedCount,pinnedMs,throttledMs
r1-01-E4,E4,1,1,VIRTUAL,/send,100,50,NONE,21,9.7.0,1,1267.2,74.77,107.26,132.54,320.84,0.069,142,0.3,342,26,1.4,77.292717,26.753921,50.517236,0.0,0.021558,0,0.0,3226.397
r1-02-E1,E1,1,2,CF,/send,1000,50,NONE,21,8.3.0,0,125.45,8471.95,9667.89,9971.11,11121.26,0.2471,807,0.2,51,420,573.9,1602.693939,1545.185102,49.842386,0.0,7.66645,0,0.0,5920.761
r1-03-E2,E2,1,3,PLATFORM,/send,1000,50,NONE,21,9.7.0,0,131.78,7940.38,9180.01,9530.8,11236.77,0.2421,912,0.2,38,220,545.7,1526.611029,1471.565102,49.948892,0.0,5.097033,0,0.0,6228.031
r1-04-E4,E4,1,4,VIRTUAL,/send,100,50,NONE,21,8.3.0,8,388.43,250.51,328.28,363.53,607.49,0.1036,108,0.3,91,33,0.0,168.902963,19.350775,149.539093,0.0,0.013094,69870,443430.9,3468.369
r1-05-E2,E2,1,5,PLATFORM,/send,100,50,NONE,25,8.3.0,0,1335.07,71.07,101.06,132.12,399.67,0.0575,119,0.6,466,121,0.9,73.739667,23.594411,50.123277,0.0,0.021978,0,0.0,84954.088
r1-06-E1,E1,1,6,VIRTUAL,/sleep,2000,50,NONE,21,8.3.0,0,6121.32,311.02,436.91,544.64,883.41,0.1145,2463,1.0,35488,22,0.0,179.571699,0.0,179.571699,0.0,0.0,0,0.0,65558.183
r1-07-E3,E3,1,7,VIRTUAL,/send,100,50,GLOBAL_ALL,25,9.7.0,0,15.5,6451.78,6590.27,6622.3,6636.94,0.0399,79,0.1,15,23,0.0,6455.431361,13.293234,50.34232,6391.736811,0.058995,0,0.0,169.405
r1-08-E4,E4,1,8,VIRTUAL,/send,100,50,NONE,21,8.3.0,4,111.68,899.06,1015.48,1052.31,1236.43,0.0738,102,0.2,74,29,0.0,452.241948,34.291716,417.85868,0.0,0.091551,20102,227611.2,4630.213
r1-09-E1,E1,1,9,VIRTUAL,/sleep,500,50,NONE,21,8.3.0,0,6951.23,63.28,124.19,153.13,217.43,0.1079,500,0.7,9988,22,0.0,58.739576,0.0,58.739576,0.0,0.0,0,0.0,20688.316
r1-10-E3,E3,1,10,PLATFORM,/send,100,50,GLOBAL_JDBC,21,9.7.0,0,86.08,1070.22,2142.96,2323.57,2688.48,0.0922,104,0.2,52,119,0.0,1158.963916,11.465571,50.003124,1094.706522,2.788696,0,0.0,2612.786
r1-11-E1,E1,1,11,PLATFORM,/send,1000,50,NONE,21,8.3.0,0,136.72,7462.26,8762.95,9158.92,10096.5,0.2373,919,0.2,40,220,523.5,1462.135525,1412.645989,50.107246,0.0,-0.61771,0,0.0,6137.712
r1-12-E1,E1,1,12,VIRTUAL,/send,1000,50,NONE,21,8.3.0,0,95.1,10534.22,10814.7,10845.7,20199.52,0.1241,490,0.2,803,27,0.0,5441.462887,20.499529,5419.42155,0.0,1.541807,17425,113964.4,8577.307
r1-13-E4,E4,1,13,VIRTUAL,/send,100,50,NONE,21,9.7.0,32,1312.53,71.19,110.41,142.58,300.88,0.0643,139,0.6,477,57,1.2,75.045559,24.642436,50.431096,0.0,-0.027973,0,0.0,60418.991
r1-14-E4,E4,1,14,VIRTUAL,/send,100,50,NONE,21,9.7.0,8,1334.47,70.57,104.23,138.3,204.57,0.0448,189,0.5,453,33,1.1,73.98129,23.749598,50.238941,0.0,-0.007249,0,0.0,40296.571
r1-15-E2,E2,1,15,VIRTUAL,/send,1000,50,NONE,21,9.7.0,0,123.07,8507.57,9660.86,9779.33,9823.04,0.2685,712,0.2,93,27,3893.7,8391.552989,8170.678304,49.717278,0.0,171.157407,0,0.0,3795.676
r1-16-E3,E3,1,16,PLATFORM,/send,100,50,GLOBAL_ALL,21,9.7.0,0,15.87,6223.05,11972.57,12437.42,12598.44,0.0314,79,0.1,13,119,0.0,6282.043747,12.7227,50.192793,6213.842814,5.285439,0,0.0,351.988
r1-17-E1,E1,1,17,PLATFORM,/send,100,10,NONE,21,8.3.0,0,478.17,204.52,280.44,341.69,534.31,0.0678,116,0.3,119,120,68.8,208.620655,158.355568,50.086356,0.0,0.17873,0,0.0,3584.36
r1-18-E1,E1,1,18,PLATFORM,/sleep,2000,50,NONE,21,8.3.0,0,3572.87,509.27,750.8,902.35,1147.39,0.1245,2200,0.7,685,219,0.0,55.041684,0.0,55.041684,0.0,0.0,0,0.0,482021.437
r1-19-E2,E2,1,19,PLATFORM,/send,100,50,NONE,25,9.7.0,0,1328.08,70.89,106.04,132.78,229.3,0.0488,145,0.6,492,121,1.0,74.042576,23.857274,50.19202,0.0,-0.006718,0,0.0,79369.89
r1-20-E1,E1,1,20,PLATFORM,/sleep,500,50,NONE,21,8.3.0,0,3323.9,141.91,256.15,398.81,1201.36,0.2198,1447,0.8,765,219,0.0,58.289288,0.0,58.289288,0.0,0.0,0,0.0,557337.679
r1-21-E1,E1,1,21,VIRTUAL,/send,100,10,NONE,21,8.3.0,0,89.75,1104.74,1265.3,1345.19,1398.37,0.0731,103,0.2,24,26,0.0,588.509162,21.742083,566.71021,0.0,0.056867,16137,115158.5,1126.155
r1-22-E1,E1,1,22,VIRTUAL,/send,100,50,NONE,21,8.3.0,0,81.1,1217.6,1418.55,1473.27,1535.95,0.0873,102,0.1,22,26,0.0,627.326583,11.587353,615.663279,0.0,0.07595,14621,54686.7,1087.114
r1-23-E1,E1,1,23,PLATFORM,/send,1000,10,NONE,21,8.3.0,0,105.85,9523.12,10182.34,10772.9,12224.31,0.1264,486,0.2,30,220,872.6,1892.566578,1840.825119,50.170921,0.0,1.570537,0,0.0,6009.493
r1-24-E1,E1,1,24,CF,/send,100,50,NONE,21,8.3.0,0,1316.23,71.65,103.86,135.56,396.79,0.0575,152,0.6,442,320,1.0,74.745394,24.269847,50.240928,0.0,0.234618,0,0.0,88079.877
r1-25-E1,E1,1,25,VIRTUAL,/send,1000,10,NONE,21,8.3.0,0,87.28,11465.65,11805.21,11870.76,21886.51,0.1203,429,0.1,683,27,0.0,5805.695563,23.162427,5783.320531,0.0,-0.787396,15484,114635.9,7959.025
r1-26-E2,E2,1,26,VIRTUAL,/send,1000,50,NONE,25,8.3.0,0,131.1,7723.63,9502.34,9784.85,14515.86,0.2723,894,0.2,448,24,3675.4,7865.769515,8124.006287,58.009756,0.0,-316.246528,0,0.0,2204.805
r1-27-E2,E2,1,27,VIRTUAL,/send,100,50,NONE,21,9.7.0,0,1276.87,74.01,107.46,138.2,198.89,0.0479,138,0.3,353,27,1.2,76.663344,26.032279,50.621936,0.0,0.009128,0,0.0,3401.716
r1-28-E2,E2,1,28,VIRTUAL,/send,100,50,NONE,25,8.3.0,0,1304.38,73.42,100.42,126.98,171.42,0.0403,104,0.3,417,24,0.9,75.163346,24.611818,50.5289,0.0,0.022627,0,0.0,3435.94
r1-29-E3,E3,1,29,VIRTUAL,/send,100,50,GLOBAL_JDBC,25,9.7.0,0,75.53,1366.95,1664.43,1786.24,1833.15,0.1016,102,0.2,66,23,0.0,1321.131851,12.739038,50.152883,1263.400379,-5.16045,0,0.0,579.514
r1-30-E1,E1,1,30,PLATFORM,/send,100,50,NONE,21,8.3.0,0,1338.53,70.93,100.28,126.6,354.27,0.0505,141,0.5,301,120,1.0,73.589732,23.480329,50.123183,0.0,-0.013781,0,0.0,65753.313
r1-31-E3,E3,1,31,PLATFORM,/send,100,50,GLOBAL_ALL,25,9.7.0,0,15.85,6309.92,6385.9,6421.16,6431.91,0.0301,81,0.1,16,119,0.0,6305.236622,12.741262,50.209021,6242.299263,-0.012925,0,0.0,1343.735
r1-32-E1,E1,1,32,CF,/send,100,10,NONE,21,8.3.0,0,482.98,201.86,274.69,328.46,547.71,0.0719,119,0.4,159,320,67.7,206.30884,155.994563,50.14085,0.0,0.173426,0,0.0,4655.999
r1-33-E2,E2,1,33,PLATFORM,/send,1000,50,NONE,25,9.7.0,0,129.62,7976.33,9465.53,9997.77,11176.11,0.2413,825,0.2,117,220,555.1,1554.142409,1497.644512,50.048304,0.0,6.449592,0,0.0,6502.281
r1-34-E1,E1,1,34,VIRTUAL,/sleep,100,50,NONE,21,8.3.0,0,1825.0,52.72,65.45,71.86,121.97,0.0486,200,0.2,300,22,0.0,51.701868,0.0,51.701868,0.0,0.0,0,0.0,3605.774
r1-35-E4,E4,1,35,VIRTUAL,/send,100,50,NONE,21,8.3.0,1,81.67,1209.18,1394.21,1472.02,1499.45,0.0837,103,0.2,31,25,0.0,639.534594,11.626557,627.804952,0.0,0.103085,14737,55103.1,321.799
r1-36-E3,E3,1,36,VIRTUAL,/send,100,50,GLOBAL_ALL,21,9.7.0,0,15.8,6325.91,6421.24,6447.7,6456.92,0.0397,79,0.1,3,26,0.0,125.098872,12.944219,50.202959,61.905376,0.046318,3792,58695.7,5.578
r1-37-E1,E1,1,37,CF,/send,1000,10,NONE,21,8.3.0,0,106.33,9580.15,9994.54,10755.63,11881.59,0.1395,519,0.2,33,420,868.0,1877.696112,1833.524474,50.26861,0.0,-6.096972,0,0.0,4632.2
r1-38-E3,E3,1,38,PLATFORM,/send,100,50,GLOBAL_JDBC,25,9.7.0,0,87.57,1132.13,1341.94,1411.66,1552.23,0.0843,107,0.2,51,119,0.0,1144.111413,11.282658,49.766594,1076.34503,6.71713,0,0.0,2086.357
r1-39-E2,E2,1,39,PLATFORM,/send,100,50,NONE,21,9.7.0,0,1334.98,70.72,101.15,132.09,308.34,0.0531,143,0.6,439,121,1.0,73.747493,23.571296,50.184498,0.0,-0.008301,0,0.0,93645.531
r1-40-E4,E4,1,40,VIRTUAL,/send,100,50,NONE,21,8.3.0,32,1167.95,82.44,120.22,148.0,252.99,0.0656,127,0.6,348,57,0.0,79.873682,21.611989,58.238016,0.0,0.023676,208997,1485521.5,29818.155
r1-41-E1,E1,1,41,PLATFORM,/sleep,100,50,NONE,21,8.3.0,0,1914.3,50.91,55.55,87.79,121.82,0.03,147,0.5,373,119,0.0,50.564768,0.0,50.564768,0.0,0.0,0,0.0,70390.097
r1-42-E3,E3,1,42,VIRTUAL,/send,100,50,GLOBAL_JDBC,21,9.7.0,0,80.3,1237.17,1440.01,1543.42,1592.83,0.0863,104,0.2,39,26,0.0,1068.353546,12.377797,1044.249308,11.829278,-0.102837,14454,57317.6,1509.285
r1-43-E2,E2,1,43,PLATFORM,/send,1000,50,NONE,25,8.3.0,0,134.4,7508.26,9210.88,9740.65,11392.19,0.2318,883,0.2,100,220,533.5,1493.021183,1438.085887,50.048978,0.0,4.886318,0,0.0,3874.969
r1-44-E4,E4,1,44,VIRTUAL,/send,100,50,NONE,21,8.3.0,16,695.87,138.82,191.52,238.36,450.94,0.095,114,0.3,152,41,0.0,116.338934,20.996887,95.330582,0.0,0.011464,125065,851965.3,5612.658
r1-45-E2,E2,1,45,VIRTUAL,/send,1000,50,NONE,25,9.7.0,0,121.75,8401.82,9792.98,10043.63,10892.46,0.2799,796,0.2,400,24,3950.3,8471.604403,8546.731179,63.151631,0.0,-138.278407,0,0.0,3504.464
r1-46-E4,E4,1,46,VIRTUAL,/send,100,50,NONE,21,8.3.0,2,93.82,1049.4,1199.54,1281.16,1762.92,0.0793,103,0.2,25,27,0.0,560.828636,20.216595,540.720377,0.0,-0.108337,16845,111969.6,934.356
r1-47-E2,E2,1,47,VIRTUAL,/send,100,50,NONE,25,9.7.0,0,1279.12,73.99,105.69,136.82,218.05,0.0532,141,0.3,473,24,1.4,76.523229,25.90719,50.619045,0.0,-0.003006,0,0.0,4130.117
r2-01-E1,E1,2,1,CF,/send,1000,10,NONE,21,8.3.0,0,96.6,10318.36,10754.18,11507.41,13907.06,0.1192,443,0.2,47,420,955.6,2066.923083,2016.199736,50.239509,0.0,0.483837,0,0.0,6014.183
r2-02-E1,E1,2,2,PLATFORM,/sleep,500,50,NONE,21,8.3.0,0,3586.35,143.57,202.66,255.15,406.68,0.1144,700,0.7,819,219,0.0,54.900182,0.0,54.900182,0.0,0.0,0,0.0,446531.354
r2-03-E1,E1,2,3,CF,/send,1000,50,NONE,21,8.3.0,0,132.02,7838.01,9236.34,9867.95,10846.19,0.2189,867,0.2,38,420,546.4,1526.969957,1477.4422,50.23982,0.0,-0.712063,0,0.0,7074.362
r2-04-E1,E1,2,4,PLATFORM,/send,1000,50,NONE,21,8.3.0,0,134.67,7669.86,9162.04,9676.84,10590.69,0.2437,832,0.2,43,220,532.2,1492.629425,1437.412845,50.122216,0.0,5.094363,0,0.0,7236.666
r2-05-E1,E1,2,5,VIRTUAL,/send,100,10,NONE,21,8.3.0,0,82.82,1174.05,1423.24,1475.2,1507.43,0.0934,103,0.1,27,26,0.0,622.178802,11.298756,610.8016,0.0,0.078445,14932,54554.8,1250.291
r2-06-E4,E4,2,6,VIRTUAL,/send,100,50,NONE,21,9.7.0,32,1332.07,70.98,102.78,128.61,198.52,0.0394,148,0.6,449,57,1.1,74.058654,23.837667,50.250564,0.0,-0.029578,0,0.0,50006.077
r2-07-E2,E2,2,7,VIRTUAL,/send,1000,50,NONE,21,9.7.0,0,122.28,8483.22,9748.08,10159.8,10315.06,0.2582,780,0.2,241,27,3936.5,8432.977195,8483.77102,52.905374,0.0,-103.699199,0,0.0,4709.282
r2-08-E4,E4,2,8,VIRTUAL,/send,100,50,NONE,21,8.3.0,4,111.83,881.68,1034.18,1093.44,1451.61,0.0851,108,0.2,42,29,0.0,435.177266,34.227273,400.50481,0.0,0.445182,20200,227462.9,5174.314
r2-09-E4,E4,2,9,VIRTUAL,/send,100,50,NONE,21,9.7.0,1,1269.52,73.81,111.63,144.01,379.25,0.0731,145,0.3,352,26,1.5,77.118751,26.532231,50.560459,0.0,0.02606,0,0.0,4031.715
r2-10-E3,E3,2,10,VIRTUAL,/send,100,50,GLOBAL_JDBC,25,9.7.0,0,74.22,1407.34,1677.8,1781.82,1845.06,0.1016,103,0.2,71,23,0.0,1344.530151,12.953009,50.331025,1285.194222,-3.948105,0,0.0,631.361
r2-11-E1,E1,2,11,VIRTUAL,/sleep,100,50,NONE,21,8.3.0,0,1846.95,52.48,63.73,68.7,115.36,0.0459,136,0.2,315,22,0.0,51.515647,0.0,51.515647,0.0,0.0,0,0.0,3041.606
r2-12-E1,E1,2,12,VIRTUAL,/sleep,2000,50,NONE,21,8.3.0,0,6049.7,326.76,434.79,533.04,1240.55,0.1092,2264,1.0,35444,22,0.0,182.770887,0.0,182.770887,0.0,0.0,0,0.0,64632.609
r2-13-E2,E2,2,13,VIRTUAL,/send,100,50,NONE,25,8.3.0,0,1284.33,73.81,106.13,131.15,178.37,0.0387,144,0.3,421,24,1.3,76.234758,25.666349,50.553904,0.0,0.014504,0,0.0,4343.601
r2-14-E1,E1,2,14,CF,/send,100,10,NONE,21,8.3.0,0,478.48,204.28,279.23,347.76,676.79,0.0776,117,0.4,159,320,68.7,208.251735,157.841207,50.132424,0.0,0.278103,0,0.0,5266.135
r2-15-E3,E3,2,15,VIRTUAL,/send,100,50,GLOBAL_JDBC,21,9.7.0,0,74.73,1329.78,1526.68,1595.46,1632.57,0.0824,102,0.1,20,26,0.0,682.961787,12.587962,670.307725,0.002804,0.063294,13461,54583.7,619.648
r2-16-E2,E2,2,16,PLATFORM,/send,100,50,NONE,25,9.7.0,0,1324.12,71.3,104.86,133.16,196.92,0.0334,144,0.6,505,121,1.0,74.340848,24.214646,50.103172,0.0,0.023029,0,0.0,66119.198
r2-17-E4,E4,2,17,VIRTUAL,/send,100,50,NONE,21,8.3.0,1,74.43,1326.36,1526.8,1624.92,1661.15,0.0863,103,0.2,23,25,0.0,699.908963,12.803359,687.025093,0.0,0.08051,13443,55361.5,354.93
r2-18-E2,E2,2,18,VIRTUAL,/send,1000,50,NONE,25,9.7.0,0,130.33,8104.34,9356.57,9830.74,9902.42,0.2917,873,0.2,449,24,3698.7,7934.214444,8185.09066,55.380423,0.0,-306.256638,0,0.0,3364.64
r2-19-E2,E2,2,19,VIRTUAL,/send,100,50,NONE,25,9.7.0,0,1267.2,74.38,106.87,135.56,392.02,0.0674,100,0.3,448,24,1.5,77.130517,26.493299,50.609113,0.0,0.028105,0,0.0,2879.664
r2-20-E4,E4,2,20,VIRTUAL,/send,100,50,NONE,21,8.3.0,8,366.18,264.79,349.41,404.72,524.6,0.0965,127,0.3,124,33,0.0,210.895285,20.949752,189.909962,0.0,0.03557,65761,455184.9,4645.455
r2-21-E1,E1,2,21,CF,/send,100,50,NONE,21,8.3.0,0,1322.22,71.21,104.15,137.16,409.07,0.0511,143,0.6,404,320,1.0,74.510174,24.1065,50.156669,0.0,0.247003,0,0.0,107021.538
r2-22-E2,E2,2,22,PLATFORM,/send,1000,50,NONE,25,9.7.0,0,118.38,8702.74,10018.28,10408.68,11862.27,0.2604,755,0.2,111,220,610.4,1701.574878,1643.710931,49.910962,0.0,7.952984,0,0.0,7615.47
r2-23-E1,E1,2,23,VIRTUAL,/send,100,50,NONE,21,8.3.0,0,96.78,1008.25,1152.19,1211.85,1523.69,0.0683,103,0.2,25,27,0.0,544.81261,20.172493,524.578046,0.0,0.062071,17422,115063.6,1031.829
r2-24-E1,E1,2,24,PLATFORM,/send,1000,10,NONE,21,8.3.0,0,104.33,9739.28,10519.49,11018.9,12392.04,0.1328,481,0.2,44,220,886.8,1926.803832,1871.015436,50.175803,0.0,5.612592,0,0.0,6044.585
r2-25-E4,E4,2,25,VIRTUAL,/send,100,50,NONE,21,8.3.0,2,96.95,1024.26,1140.28,1188.12,1277.59,0.0636,103,0.2,23,27,0.0,542.677799,19.546277,523.201578,0.0,-0.070056,17424,111797.4,1393.817
r2-26-E3,E3,2,26,PLATFORM,/send,100,50,GLOBAL_JDBC,21,9.7.0,0,86.43,1064.75,2156.6,2320.32,2477.61,0.0824,103,0.2,42,119,0.0,1157.568557,11.425987,50.231767,1094.971224,0.939578,0,0.0,1872.227
r2-27-E1,E1,2,27,VIRTUAL,/send,1000,50,NONE,21,8.3.0,0,94.7,10639.57,11029.02,11123.29,16253.83,0.1131,484,0.2,661,27,0.0,5458.909039,20.431399,5436.258239,0.0,2.219399,17352,114175.2,8806.177
r2-28-E4,E4,2,28,VIRTUAL,/send,100,50,NONE,21,8.3.0,32,1140.9,83.37,128.72,168.87,254.06,0.0774,140,0.6,347,57,0.0,80.877185,21.980966,58.905567,0.0,-0.009348,204292,1479114.7,27932.654
r2-29-E2,E2,2,29,PLATFORM,/send,100,50,NONE,25,8.3.0,0,1342.23,71.05,100.04,121.48,186.89,0.0363,127,0.6,480,120,0.8,73.289057,23.168125,50.081157,0.0,0.039775,0,0.0,75910.147
r2-30-E4,E4,2,30,VIRTUAL,/send,100,50,NONE,21,8.3.0,16,697.93,138.96,193.53,224.7,352.39,0.0784,126,0.4,157,41,0.0,116.070279,21.038445,95.028806,0.0,0.003027,125366,860677.1,5569.107
r2-31-E3,E3,2,31,VIRTUAL,/send,100,50,GLOBAL_ALL,25,9.7.0,0,15.52,6419.25,6556.31,6596.16,6612.41,0.0381,80,0.1,16,23,0.0,6435.730983,13.121951,50.359061,6372.185025,0.064944,0,0.0,286.596
r2-32-E2,E2,2,32,VIRTUAL,/send,100,50,NONE,21,9.7.0,0,1256.65,74.89,109.1,139.49,322.85,0.0621,140,0.3,350,27,1.6,77.917276,27.280758,50.630418,0.0,0.006099,0,0.0,4778.409
r2-33-E1,E1,2,33,PLATFORM,/sleep,100,50,NONE,21,8.3.0,0,1884.67,50.95,59.21,93.37,240.18,0.0459,149,0.6,422,120,0.0,50.899367,0.0,50.899367,0.0,0.0,0,0.0,87196.521
r2-34-E1,E1,2,34,PLATFORM,/sleep,2000,50,NONE,21,8.3.0,0,3569.78,508.14,778.84,946.57,1284.48,0.1305,2200,0.7,832,219,0.0,54.90763,0.0,54.90763,0.0,0.0,0,0.0,433035.592
r2-35-E1,E1,2,35,PLATFORM,/send,100,50,NONE,21,8.3.0,0,1322.32,71.02,105.38,136.48,221.09,0.0457,118,0.6,399,121,1.1,74.37767,24.135724,50.21455,0.0,0.027394,0,0.0,74485.323
r2-36-E3,E3,2,36,PLATFORM,/send,100,50,GLOBAL_JDBC,25,9.7.0,0,80.43,1232.47,1471.72,1567.48,1616.78,0.0789,107,0.2,46,119,0.0,1244.936393,12.296141,50.004884,1175.672012,6.963355,0,0.0,978.891
r2-37-E3,E3,2,37,PLATFORM,/send,100,50,GLOBAL_ALL,21,9.7.0,0,15.73,6380.67,12029.74,12520.35,12727.6,0.0365,81,0.1,14,119,0.0,6364.700173,13.190995,50.14383,6295.294369,6.070978,0,0.0,487.008
r2-38-E1,E1,2,38,VIRTUAL,/send,1000,10,NONE,21,8.3.0,0,94.2,10616.8,10857.44,10916.03,43765.42,0.1252,492,0.2,606,27,0.0,5397.673055,26.235144,5369.092364,0.0,2.345547,17292,113998.5,8671.075
r2-39-E1,E1,2,39,VIRTUAL,/sleep,500,50,NONE,21,8.3.0,0,7062.58,62.43,126.52,152.13,196.09,0.1206,779,0.7,9337,22,0.0,58.251642,0.0,58.251642,0.0,0.0,0,0.0,19252.453
r2-40-E2,E2,2,40,PLATFORM,/send,1000,50,NONE,25,8.3.0,0,133.52,7667.17,8960.87,9429.47,10742.79,0.2504,880,0.2,117,220,536.1,1502.33745,1451.229911,50.388258,0.0,0.71928,0,0.0,5515.956
r2-41-E2,E2,2,41,PLATFORM,/send,100,50,NONE,21,9.7.0,0,1320.05,71.02,107.85,142.3,223.3,0.0477,148,0.6,332,121,1.1,74.499559,24.338711,50.161731,0.0,-0.000884,0,0.0,91124.816
r2-42-E2,E2,2,42,VIRTUAL,/send,1000,50,NONE,25,8.3.0,0,118.58,8829.76,10135.46,10408.39,10552.07,0.2732,718,0.2,300,24,4063.0,8667.649145,8886.100832,54.082091,0.0,-272.533777,0,0.0,2769.901
r2-43-E2,E2,2,43,PLATFORM,/send,1000,50,NONE,21,9.7.0,0,127.45,7964.8,9512.12,10138.17,11379.6,0.2354,742,0.2,52,220,564.4,1583.175669,1526.931201,50.216257,0.0,6.028209,0,0.0,7019.35
r2-44-E3,E3,2,44,PLATFORM,/send,100,50,GLOBAL_ALL,25,9.7.0,0,15.73,6355.02,6487.9,6521.4,6538.12,0.0346,80,0.1,10,119,0.0,6358.255724,13.214148,50.213476,6294.710956,0.117143,0,0.0,420.605
r2-45-E4,E4,2,45,VIRTUAL,/send,100,50,NONE,21,9.7.0,8,1326.93,70.93,103.26,135.29,346.27,0.058,130,0.5,389,33,1.1,74.394585,24.161992,50.241702,0.0,-0.009108,0,0.0,36581.409
r2-46-E1,E1,2,46,PLATFORM,/send,100,10,NONE,21,8.3.0,0,477.72,204.76,290.1,344.78,599.33,0.0805,117,0.3,132,120,68.8,208.655093,158.436284,50.131999,0.0,0.086809,0,0.0,4642.227
r2-47-E3,E3,2,47,VIRTUAL,/send,100,50,GLOBAL_ALL,21,9.7.0,0,15.75,6353.02,6396.62,6413.33,6424.88,0.0395,80,0.1,4,26,0.0,125.356595,13.112557,50.21575,61.980148,0.048138,3780,58593.9,9.726
r3-01-E2,E2,3,1,PLATFORM,/send,100,50,NONE,21,9.7.0,0,1321.55,71.18,105.0,137.12,342.61,0.0561,100,0.6,374,121,1.1,74.40152,24.185287,50.209764,0.0,0.006469,0,0.0,88818.625
r3-02-E2,E2,3,2,VIRTUAL,/send,1000,50,NONE,21,9.7.0,0,120.67,8448.14,9633.67,10106.69,15042.71,0.2375,701,0.2,131,27,3970.1,8509.781168,8601.558723,53.403256,0.0,-145.180811,0,0.0,4066.592
r3-03-E1,E1,3,3,VIRTUAL,/sleep,2000,50,NONE,21,8.3.0,0,6057.17,357.23,416.58,526.62,586.81,0.1073,2000,1.0,35605,22,0.0,181.500991,0.0,181.500991,0.0,0.0,0,0.0,58604.165
r3-04-E3,E3,3,4,VIRTUAL,/send,100,50,GLOBAL_JDBC,21,9.7.0,0,80.6,1243.63,1392.24,1441.03,1471.94,0.0794,102,0.2,28,26,0.0,630.549823,11.640281,618.760396,0.217982,-0.068837,14464,54318.1,913.234
r3-05-E1,E1,3,5,CF,/send,100,50,NONE,21,8.3.0,0,1338.4,71.06,100.99,125.96,209.24,0.04,114,0.6,437,320,0.9,73.540155,23.146178,50.136754,0.0,0.257222,0,0.0,85493.569
r3-06-E2,E2,3,6,VIRTUAL,/send,100,50,NONE,25,9.7.0,0,1287.15,73.88,104.79,132.67,212.47,0.0484,146,0.3,450,24,1.2,76.022941,25.410884,50.599421,0.0,0.012635,0,0.0,4126.794
r3-07-E1,E1,3,7,PLATFORM,/sleep,100,50,NONE,21,8.3.0,0,1890.37,50.94,59.2,93.56,147.6,0.056,200,0.6,357,120,0.0,50.811254,0.0,50.811254,0.0,0.0,0,0.0,90381.716
r3-08-E2,E2,3,8,PLATFORM,/send,100,50,NONE,25,9.7.0,0,1322.52,71.16,103.78,136.08,311.69,0.0535,101,0.6,514,120,1.1,74.398844,24.212556,50.158692,0.0,0.027595,0,0.0,93587.557
r3-09-E2,E2,3,9,VIRTUAL,/send,100,50,NONE,21,9.7.0,0,1281.3,74.64,102.9,132.72,183.74,0.0491,132,0.3,398,27,1.2,76.406939,25.742503,50.66212,0.0,0.002316,0,0.0,4766.462
r3-10-E1,E1,3,10,VIRTUAL,/send,100,50,NONE,21,8.3.0,0,92.7,1067.51,1207.73,1292.06,1347.8,0.0634,103,0.2,31,26,0.0,573.08085,21.062106,552.113983,0.0,-0.095239,16701,115364.6,1088.739
r3-11-E4,E4,3,11,VIRTUAL,/send,100,50,NONE,21,8.3.0,8,373.27,261.69,342.35,374.06,486.06,0.099,116,0.3,87,33,0.0,202.80987,20.494013,182.268178,0.0,0.047677,67194,453466.9,5308.242
r3-12-E3,E3,3,12,PLATFORM,/send,100,50,GLOBAL_JDBC,25,9.7.0,0,82.8,1200.11,1397.13,1477.86,1520.5,0.0917,103,0.2,65,119,0.0,1206.182759,11.925608,50.280828,1144.714694,-0.738371,0,0.0,875.286
r3-13-E1,E1,3,13,CF,/send,1000,10,NONE,21,8.3.0,0,104.8,9656.15,10054.38,10842.42,12239.63,0.1261,523,0.2,28,420,883.5,1916.578766,1861.750327,50.041173,0.0,4.787265,0,0.0,6516.769
r3-14-E2,E2,3,14,VIRTUAL,/send,1000,50,NONE,25,8.3.0,0,133.07,7731.79,9463.95,9674.87,12020.65,0.2583,894,0.2,483,24,3591.8,7745.972934,7876.411897,56.820228,0.0,-187.259191,0,0.0,2320.3
r3-15-E1,E1,3,15,PLATFORM,/send,1000,50,NONE,21,8.3.0,0,135.57,7628.35,8961.29,9385.91,10309.19,0.2431,921,0.2,41,220,527.9,1478.117311,1425.035933,50.154724,0.0,2.926653,0,0.0,6347.078
r3-16-E4,E4,3,16,VIRTUAL,/send,100,50,NONE,21,9.7.0,32,1331.62,71.19,101.8,130.46,246.75,0.0536,117,0.6,422,57,0.9,74.055525,23.762344,50.293391,0.0,-0.000211,0,0.0,48671.358
r3-17-E1,E1,3,17,PLATFORM,/sleep,2000,50,NONE,21,8.3.0,0,3489.6,522.94,772.36,898.5,1125.68,0.1325,2194,0.8,782,219,0.0,56.155997,0.0,56.155997,0.0,0.0,0,0.0,510167.523
r3-18-E1,E1,3,18,CF,/send,100,10,NONE,21,8.3.0,0,474.07,207.61,279.64,334.76,469.47,0.0674,116,0.4,165,320,69.6,210.168337,159.922593,50.064784,0.0,0.18096,0,0.0,4725.617
r3-19-E4,E4,3,19,VIRTUAL,/send,100,50,NONE,21,8.3.0,32,1166.5,81.14,125.1,166.25,426.24,0.0765,131,0.6,352,57,0.0,80.023161,21.862396,58.15858,0.0,0.002184,209015,1506229.0,27780.714
r3-20-E3,E3,3,20,VIRTUAL,/send,100,50,GLOBAL_JDBC,25,9.7.0,0,75.43,1384.78,1614.5,1735.31,1854.43,0.0911,106,0.2,54,23,0.0,1325.128148,12.762369,50.35445,1262.928727,-0.917399,0,0.0,506.877
r3-21-E3,E3,3,21,PLATFORM,/send,100,50,GLOBAL_ALL,25,9.7.0,0,15.77,6336.17,6427.13,6460.49,6493.53,0.0354,79,0.1,11,119,0.0,6338.02433,13.052906,50.217135,6274.688317,0.065969,0,0.0,728.844
r3-22-E2,E2,3,22,PLATFORM,/send,1000,50,NONE,25,9.7.0,0,134.73,7500.89,9050.48,9492.41,10545.52,0.2536,880,0.2,123,220,531.5,1487.873865,1435.040562,50.173278,0.0,2.660024,0,0.0,6429.371
r3-23-E3,E3,3,23,PLATFORM,/send,100,50,GLOBAL_JDBC,21,9.7.0,0,87.43,1049.82,2113.13,2311.04,2571.87,0.0791,103,0.2,47,119,0.0,1144.384407,11.296304,50.023618,1081.578949,1.485534,0,0.0,1771.332
r3-24-E2,E2,3,24,PLATFORM,/send,100,50,NONE,25,8.3.0,0,1332.07,71.04,102.95,129.78,356.95,0.0513,116,0.6,481,121,1.0,73.923843,23.779582,50.095156,0.0,0.049104,0,0.0,90443.298
r3-25-E1,E1,3,25,VIRTUAL,/send,1000,50,NONE,21,8.3.0,0,86.47,11544.48,12077.26,12127.98,18282.1,0.1518,406,0.1,741,27,0.0,5918.911231,24.396278,5895.906682,0.0,-1.391729,15360,114254.2,8682.649
r3-26-E1,E1,3,26,VIRTUAL,/send,100,10,NONE,21,8.3.0,0,81.68,1204.15,1401.54,1481.81,1518.01,0.0904,102,0.1,23,26,0.0,628.185642,11.678132,616.63805,0.0,-0.130541,14729,55602.5,1296.561
r3-27-E4,E4,3,27,VIRTUAL,/send,100,50,NONE,21,9.7.0,8,1317.18,71.31,105.15,134.13,214.3,0.0411,147,0.5,406,33,1.3,74.943579,24.6642,50.288928,0.0,-0.009549,0,0.0,38317.432
r3-28-E1,E1,3,28,VIRTUAL,/sleep,100,50,NONE,21,8.3.0,0,1831.0,52.9,64.35,69.38,119.91,0.0498,131,0.2,322,22,0.0,51.641932,0.0,51.641932,0.0,0.0,0,0.0,3704.735
r3-29-E4,E4,3,29,VIRTUAL,/send,100,50,NONE,21,8.3.0,2,86.32,1150.55,1339.11,1414.27,1856.1,0.0803,103,0.2,24,27,0.0,607.02329,22.10234,585.229579,0.0,-0.308629,15444,112784.6,1541.114
r3-30-E1,E1,3,30,CF,/send,1000,50,NONE,21,8.3.0,0,135.97,7353.43,9358.43,9964.67,11038.9,0.2484,881,0.2,52,420,527.9,1480.798746,1423.288839,49.985701,0.0,7.524204,0,0.0,5199.256
r3-31-E4,E4,3,31,VIRTUAL,/send,100,50,NONE,21,8.3.0,1,81.22,1217.67,1394.44,1434.03,1466.54,0.0849,103,0.2,20,25,0.0,642.30699,11.68644,630.495549,0.0,0.125,14662,54995.9,362.977
r3-32-E1,E1,3,32,PLATFORM,/send,100,10,NONE,21,8.3.0,0,493.23,198.38,271.2,341.23,733.51,0.0667,116,0.3,118,120,65.9,201.98408,151.964545,50.054586,0.0,-0.03505,0,0.0,3840.198
r3-33-E1,E1,3,33,VIRTUAL,/sleep,500,50,NONE,21,8.3.0,0,6850.38,63.78,127.61,154.77,216.89,0.1079,503,0.7,10544,22,0.0,59.398625,0.0,59.398625,0.0,0.0,0,0.0,20850.301
r3-34-E1,E1,3,34,PLATFORM,/sleep,500,50,NONE,21,8.3.0,0,3479.92,143.88,235.62,295.73,496.04,0.1507,634,0.8,1030,219,0.0,56.099968,0.0,56.099968,0.0,0.0,0,0.0,474881.319
r3-35-E2,E2,3,35,PLATFORM,/send,1000,50,NONE,25,8.3.0,0,136.0,7531.46,8840.42,9310.84,10794.58,0.2386,871,0.2,115,220,527.3,1477.971151,1423.787585,50.123285,0.0,4.06028,0,0.0,7206.366
r3-36-E3,E3,3,36,VIRTUAL,/send,100,50,GLOBAL_ALL,21,9.7.0,0,15.77,6355.45,6466.51,6482.56,6493.63,0.0373,80,0.1,9,26,0.0,125.279675,13.063559,50.268606,61.96092,-0.013411,3785,58632.0,35.024
r3-37-E4,E4,3,37,VIRTUAL,/send,100,50,NONE,21,8.3.0,4,121.82,815.1,922.59,957.93,1138.6,0.0743,101,0.2,39,29,0.0,395.117866,31.280087,363.395172,0.0,0.442606,21985,226435.2,4297.676
r3-38-E2,E2,3,38,PLATFORM,/send,1000,50,NONE,21,9.7.0,0,131.87,7867.55,9165.57,9610.62,10484.17,0.2434,898,0.2,56,220,544.1,1520.616207,1465.972399,49.968827,0.0,4.674979,0,0.0,4507.747
r3-39-E4,E4,3,39,VIRTUAL,/send,100,50,NONE,21,9.7.0,1,1280.3,74.21,106.33,133.46,198.43,0.0486,128,0.3,355,26,1.2,76.546328,25.939128,50.60086,0.0,0.006338,0,0.0,3576.901
r3-40-E2,E2,3,40,VIRTUAL,/send,1000,50,NONE,25,9.7.0,0,117.25,8704.8,9973.96,10221.83,12113.19,0.2589,767,0.2,343,24,4112.7,8753.372467,9052.760511,56.859356,0.0,-356.247401,0,0.0,4034.761
r3-41-E1,E1,3,41,PLATFORM,/send,100,50,NONE,21,8.3.0,0,1329.38,71.08,102.48,134.79,233.59,0.0524,154,0.6,314,121,1.0,73.959021,23.790075,50.1504,0.0,0.018545,0,0.0,72328.725
r3-42-E4,E4,3,42,VIRTUAL,/send,100,50,NONE,21,8.3.0,16,710.78,135.73,187.74,220.58,334.03,0.068,115,0.4,170,41,0.0,115.493406,20.97072,94.555205,0.0,-0.032519,127780,872229.4,6678.81
r3-43-E1,E1,3,43,PLATFORM,/send,1000,10,NONE,21,8.3.0,0,97.22,10359.04,11148.17,11687.88,12755.21,0.1255,571,0.2,25,220,950.5,2053.024498,2003.929037,50.150508,0.0,-1.055047,0,0.0,3973.975
r3-44-E2,E2,3,44,VIRTUAL,/send,100,50,NONE,25,8.3.0,0,1293.07,73.57,102.51,128.88,315.88,0.06,154,0.3,444,24,1.2,75.725842,25.149222,50.555339,0.0,0.02128,0,0.0,2279.013
r3-45-E3,E3,3,45,VIRTUAL,/send,100,50,GLOBAL_ALL,25,9.7.0,0,15.55,6440.39,6563.02,6592.07,6612.02,0.0397,79,0.1,14,23,0.0,6442.774108,13.07444,50.293582,6379.106696,0.299388,0,0.0,210.857
r3-46-E1,E1,3,46,VIRTUAL,/send,1000,10,NONE,21,8.3.0,0,95.25,10464.04,10981.37,11042.81,19248.12,0.1334,494,0.2,819,27,0.0,5373.059877,20.313263,5351.665214,0.0,1.081399,17432,113679.8,10815.24
r3-47-E3,E3,3,47,PLATFORM,/send,100,50,GLOBAL_ALL,21,9.7.0,0,15.8,6309.97,12007.83,12499.36,12740.02,0.0362,80,0.1,6,119,0.0,6331.734073,12.945294,50.193446,6262.880142,5.71519,0,0.0,764.29
r4-01-E1,E1,4,1,PLATFORM,/send,1000,10,NONE,21,8.3.0,0,106.37,9432.65,10243.55,10711.61,11834.22,0.1343,521,0.2,24,220,868.4,1879.91374,1832.354678,50.17032,0.0,-2.611258,0,0.0,6486.602
r4-02-E1,E1,4,2,PLATFORM,/sleep,100,50,NONE,21,8.3.0,0,1910.53,50.91,55.93,90.98,148.4,0.0302,155,0.5,359,120,0.0,50.612512,0.0,50.612512,0.0,0.0,0,0.0,89412.665
r4-03-E1,E1,4,3,PLATFORM,/send,1000,50,NONE,21,8.3.0,0,134.47,7633.3,8695.09,9156.63,10106.0,0.2404,850,0.2,43,220,531.6,1482.091377,1433.02594,50.108625,0.0,-1.043188,0,0.0,6025.994
r4-04-E2,E2,4,4,VIRTUAL,/send,100,50,NONE,21,9.7.0,0,1251.65,74.69,110.56,144.64,313.45,0.0663,127,0.3,392,27,1.9,78.125927,27.52591,50.574229,0.0,0.025788,0,0.0,4664.303
r4-05-E3,E3,4,5,VIRTUAL,/send,100,50,GLOBAL_JDBC,21,9.7.0,0,78.67,1262.39,1454.04,1510.12,1533.95,0.0922,101,0.2,24,26,0.0,593.745061,12.622459,569.447799,11.881728,-0.206925,14114,57014.1,661.709
r4-06-E2,E2,4,6,PLATFORM,/send,100,50,NONE,25,9.7.0,0,1336.08,71.16,101.13,128.26,182.37,0.0291,101,0.6,525,120,0.9,73.630718,23.508273,50.098291,0.0,0.024153,0,0.0,82509.064
r4-07-E4,E4,4,7,VIRTUAL,/send,100,50,NONE,21,9.7.0,1,1279.27,74.11,103.69,129.76,345.62,0.0544,146,0.3,360,26,1.2,76.527794,25.914436,50.625424,0.0,-0.012066,0,0.0,4748.83
r4-08-E1,E1,4,8,VIRTUAL,/send,100,10,NONE,21,8.3.0,0,92.22,1072.03,1221.46,1309.17,1445.2,0.0686,103,0.2,23,26,0.0,575.255656,21.152874,554.014917,0.0,0.087865,16619,115269.2,974.618
r4-09-E1,E1,4,9,PLATFORM,/send,100,50,NONE,21,8.3.0,0,1335.02,70.44,103.32,132.41,363.56,0.059,109,0.6,355,120,1.0,73.654915,23.494034,50.150732,0.0,0.010148,0,0.0,87755.078
r4-10-E4,E4,4,10,VIRTUAL,/send,100,50,NONE,21,8.3.0,1,73.28,1346.16,1559.55,1627.52,1729.31,0.0762,103,0.2,22,25,0.0,710.021954,12.967787,697.012334,0.0,0.041832,13208,55143.2,367.729
r4-11-E4,E4,4,11,VIRTUAL,/send,100,50,NONE,21,8.3.0,4,158.15,607.53,840.43,880.67,1330.5,0.1718,107,0.2,45,29,0.0,352.470101,23.717798,328.575968,0.0,0.176334,28480,222366.9,4907.938
r4-12-E2,E2,4,12,VIRTUAL,/send,1000,50,NONE,25,9.7.0,0,134.23,7865.17,9056.59,9335.05,10488.05,0.2758,840,0.2,444,24,3474.9,7697.882697,7298.908885,51.885244,0.0,347.088567,0,0.0,2529.953
r4-13-E2,E2,4,13,PLATFORM,/send,100,50,NONE,21,9.7.0,0,1329.48,71.14,102.94,135.51,218.41,0.0485,118,0.6,393,121,1.0,74.030508,23.859285,50.144768,0.0,0.026454,0,0.0,90436.686
r4-14-E4,E4,4,14,VIRTUAL,/send,100,50,NONE,21,8.3.0,16,710.22,136.05,184.46,222.15,427.36,0.0687,125,0.4,173,41,0.0,116.451675,21.277235,95.184564,0.0,-0.010124,127592,870037.0,6221.699
r4-15-E1,E1,4,15,VIRTUAL,/send,1000,10,NONE,21,8.3.0,0,89.35,11167.39,11890.55,11999.99,29031.39,0.1142,444,0.2,568,27,0.0,5770.770255,23.974457,5747.402423,0.0,-0.606624,15726,114914.7,8002.041
r4-16-E1,E1,4,16,VIRTUAL,/sleep,500,50,NONE,21,8.3.0,0,6776.3,64.33,131.71,155.96,200.45,0.1169,847,0.7,10720,22,0.0,59.731458,0.0,59.731458,0.0,0.0,0,0.0,20202.884
r4-17-E4,E4,4,17,VIRTUAL,/send,100,50,NONE,21,8.3.0,32,1152.13,82.53,126.86,156.19,217.79,0.088,128,0.6,394,57,0.0,80.60461,21.952155,58.657,0.0,-0.004545,206291,1484378.4,28791.754
r4-18-E1,E1,4,18,CF,/send,1000,10,NONE,21,8.3.0,0,93.52,10825.76,11206.46,11977.24,12906.6,0.1355,452,0.2,37,420,992.2,2139.968387,2095.019567,50.265758,0.0,-5.316938,0,0.0,5238.179
r4-19-E2,E2,4,19,PLATFORM,/send,1000,50,NONE,21,9.7.0,0,131.82,7649.13,9027.42,9549.13,10361.34,0.241,884,0.2,64,220,543.9,1519.445459,1467.882143,50.16046,0.0,1.402855,0,0.0,6487.582
r4-20-E2,E2,4,20,VIRTUAL,/send,1000,50,NONE,21,9.7.0,0,128.92,8032.06,9226.74,9582.28,9642.01,0.2375,784,0.2,123,27,3805.8,8012.423583,8141.790593,51.743321,0.0,-181.110331,0,0.0,4604.553
r4-21-E1,E1,4,21,VIRTUAL,/sleep,2000,50,NONE,21,8.3.0,0,6032.23,358.95,415.27,483.48,597.59,0.114,2262,1.0,35288,22,0.0,172.578868,0.0,172.579123,0.0,0.0,0,0.0,54980.11
r4-22-E2,E2,4,22,VIRTUAL,/send,1000,50,NONE,25,8.3.0,0,134.65,7652.36,8944.03,9117.18,12107.68,0.291,751,0.2,438,24,3499.0,7614.606604,7178.801386,54.981729,0.0,380.823488,0,0.0,2916.846
r4-23-E2,E2,4,23,VIRTUAL,/send,100,50,NONE,25,8.3.0,0,1284.63,74.08,104.44,132.24,188.76,0.0378,102,0.3,440,24,1.1,76.296097,25.73465,50.573439,0.0,-0.011991,0,0.0,3626.206
r4-24-E1,E1,4,24,CF,/send,1000,50,NONE,21,8.3.0,0,123.22,8322.41,9801.43,10112.0,10983.69,0.2415,770,0.2,52,420,584.6,1636.518359,1577.861627,50.192788,0.0,8.463943,0,0.0,7417.234
r4-25-E1,E1,4,25,PLATFORM,/send,100,10,NONE,21,8.3.0,0,487.58,199.67,277.37,332.59,500.14,0.0929,118,0.3,156,120,66.9,204.328436,154.223951,50.10657,0.0,-0.002085,0,0.0,3989.51
r4-26-E3,E3,4,26,PLATFORM,/send,100,50,GLOBAL_ALL,25,9.7.0,0,15.78,6335.48,6429.2,6451.06,6459.12,0.0402,80,0.1,18,119,0.0,6328.021958,12.972754,50.261737,6264.808403,-0.020936,0,0.0,530.849
r4-27-E4,E4,4,27,VIRTUAL,/send,100,50,NONE,21,8.3.0,8,377.5,259.49,327.08,365.47,509.82,0.0889,114,0.3,89,33,0.0,203.177756,20.269485,182.907879,0.0,0.000391,67827,452760.4,9030.911
r4-28-E3,E3,4,28,PLATFORM,/send,100,50,GLOBAL_JDBC,21,9.7.0,0,84.92,1098.58,2182.62,2366.54,2514.3,0.0775,102,0.2,45,119,0.0,1178.69334,11.632098,50.102515,1115.780444,1.178281,0,0.0,1800.785
r4-29-E3,E3,4,29,PLATFORM,/send,100,50,GLOBAL_ALL,21,9.7.0,0,15.73,6388.67,12057.91,12524.83,12650.49,0.0365,80,0.1,21,119,0.0,6370.079989,13.186244,50.199782,6300.379178,6.314783,0,0.0,995.141
r4-30-E1,E1,4,30,CF,/send,100,10,NONE,21,8.3.0,0,491.48,200.12,269.97,326.75,499.72,0.0671,110,0.4,159,320,66.3,202.810678,152.511119,50.081676,0.0,0.217882,0,0.0,3084.574
r4-31-E4,E4,4,31,VIRTUAL,/send,100,50,NONE,21,9.7.0,8,1330.03,71.3,102.03,130.22,220.28,0.0352,123,0.5,431,33,1.0,74.252845,24.027679,50.210446,0.0,0.014718,0,0.0,38760.239
r4-32-E4,E4,4,32,VIRTUAL,/send,100,50,NONE,21,8.3.0,2,87.03,1135.41,1328.07,1413.85,1472.47,0.0889,101,0.2,26,27,0.0,593.186749,21.83588,571.037738,0.0,0.31313,15733,112256.9,1594.745
r4-33-E1,E1,4,33,PLATFORM,/sleep,2000,50,NONE,21,8.3.0,0,3636.03,508.56,699.43,848.08,1198.48,0.0871,2218,0.8,616,219,0.0,54.157058,0.0,54.157289,0.0,0.0,0,0.0,471769.235
r4-34-E1,E1,4,34,PLATFORM,/sleep,500,50,NONE,21,8.3.0,0,3719.33,135.6,196.81,255.95,505.71,0.1023,639,0.7,851,219,0.0,53.161884,0.0,53.161884,0.0,0.0,0,0.0,337869.095
r4-35-E2,E2,4,35,VIRTUAL,/send,100,50,NONE,25,9.7.0,0,1278.9,74.22,102.72,130.16,349.84,0.0551,157,0.3,509,24,1.1,76.455598,25.770862,50.703199,0.0,-0.018463,0,0.0,4627.497
r4-36-E2,E2,4,36,PLATFORM,/send,100,50,NONE,25,8.3.0,0,1320.28,71.66,103.71,135.0,208.22,0.0348,166,0.6,509,122,1.1,74.37551,24.237519,50.158455,0.0,-0.020465,0,0.0,100856.536
r4-37-E1,E1,4,37,VIRTUAL,/sleep,100,50,NONE,21,8.3.0,0,1884.43,52.49,57.29,65.02,118.77,0.0315,199,0.2,278,22,0.0,51.201799,0.0,51.201353,0.0,0.000446,0,0.0,3930.971
r4-38-E1,E1,4,38,VIRTUAL,/send,100,50,NONE,21,8.3.0,0,76.77,1309.0,1440.64,1489.45,1526.72,0.0634,103,0.1,23,26,0.0,666.702909,12.271072,654.420641,0.0,0.011195,13809,55039.2,1249.094
r4-39-E4,E4,4,39,VIRTUAL,/send,100,50,NONE,21,9.7.0,32,1291.42,72.42,107.81,142.82,390.42,0.0629,143,0.6,510,57,1.4,76.256062,25.899199,50.351115,0.0,0.005747,0,0.0,64052.3
r4-40-E1,E1,4,40,VIRTUAL,/send,1000,50,NONE,21,8.3.0,0,87.82,11479.14,12026.29,12084.4,52696.85,0.1091,444,0.2,702,27,0.0,5818.334833,30.951704,5788.347479,0.0,-0.96435,15536,114670.1,10264.707
r4-41-E3,E3,4,41,VIRTUAL,/send,100,50,GLOBAL_ALL,25,9.7.0,0,15.72,6352.61,6449.97,6497.43,6503.53,0.035,80,0.1,17,23,0.0,6357.401197,12.482643,50.372144,6294.586183,-0.039774,0,0.0,397.132
r4-42-E2,E2,4,42,PLATFORM,/send,1000,50,NONE,25,8.3.0,0,135.57,7468.03,8953.26,9364.16,10274.17,0.2514,891,0.2,107,220,529.0,1480.274434,1427.232202,50.068595,0.0,2.973637,0,0.0,5831.185
r4-43-E2,E2,4,43,PLATFORM,/send,1000,50,NONE,25,9.7.0,0,140.7,7250.31,8739.55,9277.66,10689.61,0.2298,935,0.2,123,220,509.5,1429.842211,1375.673039,50.043627,0.0,4.125544,0,0.0,8175.971
r4-44-E3,E3,4,44,PLATFORM,/send,100,50,GLOBAL_JDBC,25,9.7.0,0,86.45,1149.64,1354.32,1495.2,1592.81,0.0955,105,0.2,61,119,0.0,1153.390051,11.418663,50.378862,1092.16711,-0.574584,0,0.0,1781.443
r4-45-E3,E3,4,45,VIRTUAL,/send,100,50,GLOBAL_ALL,21,9.7.0,0,15.8,6338.49,6435.93,6487.59,6498.0,0.0343,78,0.1,8,26,0.0,124.992659,12.938708,50.219721,61.778329,0.0559,3790,58625.6,33.637
r4-46-E3,E3,4,46,VIRTUAL,/send,100,50,GLOBAL_JDBC,25,9.7.0,0,81.82,1283.9,1461.44,1518.61,1566.77,0.0698,104,0.2,51,23,0.0,1219.713496,11.720142,50.115194,1156.40339,1.474767,0,0.0,514.632
r4-47-E1,E1,4,47,CF,/send,100,50,NONE,21,8.3.0,0,1322.77,71.03,106.92,137.54,320.62,0.064,101,0.6,448,321,1.0,74.407753,23.9004,50.211572,0.0,0.29578,0,0.0,104893.599
r5-01-E2,E2,5,1,PLATFORM,/send,1000,50,NONE,21,9.7.0,0,115.35,8846.62,10287.45,10819.97,11880.83,0.2503,797,0.2,39,220,626.2,1742.138308,1688.745878,50.176763,0.0,3.215666,0,0.0,5402.054
r5-02-E1,E1,5,2,VIRTUAL,/send,100,10,NONE,21,8.3.0,0,80.97,1228.76,1429.73,1478.32,1500.49,0.0982,102,0.1,19,26,0.0,634.442403,11.575004,622.737744,0.0,0.129654,14606,54623.7,1488.655
r5-03-E2,E2,5,3,VIRTUAL,/send,1000,50,NONE,25,8.3.0,0,134.67,7559.26,9207.16,9461.79,9490.33,0.2844,824,0.2,457,24,3567.7,7669.715743,7773.014352,54.60588,0.0,-157.904489,0,0.0,2977.8
r5-04-E3,E3,5,4,PLATFORM,/send,100,50,GLOBAL_JDBC,21,9.7.0,0,85.4,1082.82,2181.06,2348.24,2467.51,0.098,102,0.2,44,119,0.0,1168.827327,11.560841,50.329458,1108.883026,-1.945999,0,0.0,1593.231
r5-05-E4,E4,5,5,VIRTUAL,/send,100,50,NONE,21,9.7.0,32,1332.87,70.7,102.45,137.41,371.94,0.0638,147,0.6,418,57,1.1,74.027709,23.807114,50.218155,0.0,0.002439,0,0.0,58240.865
r5-06-E1,E1,5,6,PLATFORM,/send,1000,50,NONE,21,8.3.0,0,119.1,8646.87,9679.56,10228.53,11277.44,0.2431,796,0.2,45,220,605.7,1690.484391,1632.846046,49.996387,0.0,7.641956,0,0.0,4132.805
r5-07-E1,E1,5,7,PLATFORM,/sleep,100,50,NONE,21,8.3.0,0,1906.93,50.85,56.57,92.27,136.52,0.0458,200,0.5,396,119,0.0,50.647939,0.0,50.647939,0.0,0.0,0,0.0,97700.692
r5-08-E4,E4,5,8,VIRTUAL,/send,100,50,NONE,21,9.7.0,8,1339.9,70.91,100.13,129.48,194.84,0.0412,137,0.5,439,33,0.9,73.691783,23.459629,50.230578,0.0,0.001575,0,0.0,41424.318
r5-09-E1,E1,5,9,VIRTUAL,/send,1000,50,NONE,21,8.3.0,0,87.23,11521.41,11796.48,11895.24,18219.25,0.1354,438,0.2,729,27,0.0,5859.564544,22.524522,5837.965345,0.0,-0.925323,15482,114436.5,8523.544
r5-10-E2,E2,5,10,VIRTUAL,/send,1000,50,NONE,25,9.7.0,0,129.32,8054.89,9591.24,9816.74,19055.91,0.2943,758,0.2,515,24,3768.1,7966.020359,7905.981575,55.284983,0.0,4.753801,0,0.0,4078.591
r5-11-E1,E1,5,11,VIRTUAL,/sleep,2000,50,NONE,21,8.3.0,0,5935.67,353.3,428.39,506.24,674.47,0.1096,2746,1.0,35754,22,0.0,189.499644,0.0,189.499644,0.0,0.0,0,0.0,57189.037
r5-12-E3,E3,5,12,VIRTUAL,/send,100,50,GLOBAL_ALL,25,9.7.0,0,15.65,6386.96,6490.86,6515.38,6526.36,0.0326,80,0.1,14,23,0.0,6385.215565,12.638741,50.337498,6322.155538,0.083786,0,0.0,204.763
r5-13-E2,E2,5,13,PLATFORM,/send,100,50,NONE,25,8.3.0,0,1333.02,71.29,101.21,130.43,197.9,0.0372,143,0.6,501,120,0.9,73.885665,23.756938,50.138873,0.0,-0.010146,0,0.0,79737.229
r5-14-E1,E1,5,14,PLATFORM,/send,100,50,NONE,21,8.3.0,0,1344.22,70.83,98.23,127.29,312.38,0.045,146,0.6,311,121,0.8,73.235766,23.087023,50.15795,0.0,-0.009207,0,0.0,91895.737
r5-15-E2,E2,5,15,PLATFORM,/send,1000,50,NONE,25,9.7.0,0,118.45,8649.18,9835.6,10278.44,12159.67,0.2433,726,0.2,127,220,609.9,1699.47518,1643.915443,50.079267,0.0,5.480468,0,0.0,7239.173
r5-16-E1,E1,5,16,VIRTUAL,/send,100,50,NONE,21,8.3.0,0,81.5,1208.35,1436.05,1497.48,1541.96,0.098,105,0.1,27,27,0.0,625.63764,11.507008,614.098189,0.0,0.032442,14679,54639.9,1661.52
r5-17-E1,E1,5,17,CF,/send,100,10,NONE,21,8.3.0,0,477.4,204.55,282.72,339.67,541.13,0.0765,117,0.4,166,321,68.9,208.708775,158.4154,50.0708,0.0,0.222575,0,0.0,3611.724
r5-18-E1,E1,5,18,VIRTUAL,/send,1000,10,NONE,21,8.3.0,0,90.65,11004.61,11339.43,11413.91,18733.56,0.1265,504,0.2,609,27,0.0,5718.535626,21.361019,5698.422113,0.0,-1.247507,15879,114353.3,8148.281
r5-19-E3,E3,5,19,PLATFORM,/send,100,50,GLOBAL_ALL,25,9.7.0,0,15.77,6352.48,6419.09,6448.47,6470.15,0.0314,79,0.1,18,119,0.0,6343.103468,13.052096,50.215227,6279.781934,0.05421,0,0.0,671.813
r5-20-E1,E1,5,20,PLATFORM,/send,1000,10,NONE,21,8.3.0,0,105.23,9641.65,10419.43,10953.81,13243.22,0.1757,475,0.2,45,220,878.8,1907.782768,1851.700426,49.994028,0.0,6.088312,0,0.0,3835.434
r5-21-E4,E4,5,21,VIRTUAL,/send,100,50,NONE,21,8.3.0,1,83.07,1191.71,1395.52,1435.61,1466.63,0.0852,103,0.2,23,25,0.0,629.965927,11.420797,618.398959,0.0,0.14617,15004,54995.7,311.985
r5-22-E1,E1,5,22,PLATFORM,/sleep,500,50,NONE,21,8.3.0,0,3552.72,143.89,203.33,256.62,448.87,0.1217,700,0.8,1198,219,0.0,55.326544,0.0,55.326544,0.0,0.0,0,0.0,353032.041
r5-23-E2,E2,5,23,PLATFORM,/send,100,50,NONE,21,9.7.0,0,1335.47,71.08,100.69,129.84,289.63,0.0514,119,0.6,348,120,0.9,73.715568,23.563768,50.135589,0.0,0.01621,0,0.0,91282.678
r5-24-E4,E4,5,24,VIRTUAL,/send,100,50,NONE,21,8.3.0,8,361.92,269.34,354.48,388.36,492.36,0.0909,126,0.3,81,33,0.0,197.601794,20.704744,176.855485,0.0,0.041565,65071,444211.4,4999.954
r5-25-E1,E1,5,25,PLATFORM,/sleep,2000,50,NONE,21,8.3.0,0,3710.07,506.53,702.58,795.65,935.35,0.0927,2004,0.7,572,219,0.0,53.320613,0.0,53.320613,0.0,0.0,0,0.0,428120.393
r5-26-E1,E1,5,26,CF,/send,100,50,NONE,21,8.3.0,0,1337.03,70.8,101.48,128.13,226.87,0.039,146,0.6,424,320,0.8,73.56382,23.066159,50.203409,0.0,0.294251,0,0.0,73717.62
r5-27-E4,E4,5,27,VIRTUAL,/send,100,50,NONE,21,8.3.0,2,85.32,1158.58,1347.47,1466.04,1671.08,0.0845,102,0.2,28,27,0.0,614.095513,22.371808,591.780398,0.0,-0.056693,15324,112663.6,991.369
r5-28-E3,E3,5,28,VIRTUAL,/send,100,50,GLOBAL_JDBC,25,9.7.0,0,79.5,1314.35,1562.97,1702.88,1803.68,0.0981,103,0.2,64,23,0.0,1256.503101,12.092019,50.363082,1192.332054,1.715945,0,0.0,382.971
r5-29-E1,E1,5,29,PLATFORM,/send,100,10,NONE,21,8.3.0,0,483.37,202.67,280.72,343.68,559.43,0.0789,117,0.3,124,120,67.8,206.114992,156.04793,50.077546,0.0,-0.010484,0,0.0,3421.113
r5-30-E3,E3,5,30,VIRTUAL,/send,100,50,GLOBAL_JDBC,21,9.7.0,0,77.68,1267.67,1524.6,1579.79,1613.07,0.092,103,0.1,21,26,0.0,654.856701,12.12027,642.618389,0.002991,0.115049,14020,54655.1,694.666
r5-31-E1,E1,5,31,VIRTUAL,/sleep,500,50,NONE,21,8.3.0,0,6878.08,63.99,128.32,152.98,194.39,0.1002,589,0.7,10702,22,0.0,59.557791,0.0,59.557791,0.0,0.0,0,0.0,20796.416
r5-32-E2,E2,5,32,PLATFORM,/send,1000,50,NONE,25,8.3.0,0,135.42,7412.47,8860.61,9349.36,10233.43,0.2201,885,0.2,125,220,528.7,1478.59708,1427.626113,50.193771,0.0,0.777195,0,0.0,5373.349
r5-33-E2,E2,5,33,VIRTUAL,/send,100,50,NONE,21,9.7.0,0,1265.17,74.44,109.29,132.04,189.97,0.053,140,0.3,370,27,1.4,77.239295,26.629077,50.622349,0.0,-0.012131,0,0.0,4547.811
r5-34-E3,E3,5,34,PLATFORM,/send,100,50,GLOBAL_JDBC,25,9.7.0,0,80.82,1231.75,1420.69,1492.0,1556.57,0.0652,105,0.2,58,119,0.0,1236.468496,12.229878,49.813856,1167.679762,6.744998,0,0.0,1757.501
r5-35-E4,E4,5,35,VIRTUAL,/send,100,50,NONE,21,8.3.0,16,699.47,137.78,191.45,235.55,552.43,0.0928,128,0.4,166,41,0.0,115.765021,21.181068,94.566496,0.0,0.017456,125731,860337.2,6386.819
r5-36-E1,E1,5,36,VIRTUAL,/sleep,100,50,NONE,21,8.3.0,0,1847.83,52.9,63.36,68.38,99.42,0.0476,100,0.2,286,22,0.0,51.557589,0.0,51.557589,0.0,0.0,0,0.0,3035.804
r5-37-E2,E2,5,37,VIRTUAL,/send,100,50,NONE,25,8.3.0,0,1284.48,73.94,106.11,132.82,209.24,0.0445,182,0.3,442,24,1.2,76.204371,25.617873,50.603048,0.0,-0.016551,0,0.0,3290.512
r5-38-E3,E3,5,38,PLATFORM,/send,100,50,GLOBAL_ALL,21,9.7.0,0,15.92,6255.56,11911.11,12403.4,12566.64,0.0418,80,0.1,11,119,0.0,6267.819301,12.406376,50.237131,6200.373713,4.802079,0,0.0,856.902
r5-39-E1,E1,5,39,CF,/send,1000,10,NONE,21,8.3.0,0,104.28,9691.04,10190.89,10895.69,12295.03,0.1254,520,0.2,46,420,889.0,1927.1461,1877.242444,50.257738,0.0,-0.354082,0,0.0,5038.969
r5-40-E3,E3,5,40,VIRTUAL,/send,100,50,GLOBAL_ALL,21,9.7.0,0,15.85,6309.01,6482.87,6537.52,6570.38,0.0322,80,0.1,7,26,0.0,124.663224,12.788335,50.20619,61.627838,0.040859,3803,58701.8,34.378
r5-41-E4,E4,5,41,VIRTUAL,/send,100,50,NONE,21,8.3.0,32,1140.87,82.26,129.52,163.26,323.95,0.1025,103,0.6,350,57,0.0,80.944074,21.866716,59.050508,0.0,0.026849,204197,1471517.2,23770.178
r5-42-E4,E4,5,42,VIRTUAL,/send,100,50,NONE,21,9.7.0,1,1290.23,73.99,103.16,126.34,194.51,0.0382,140,0.3,267,26,1.1,75.840818,25.220024,50.630925,0.0,-0.010131,0,0.0,3953.105
r5-43-E4,E4,5,43,VIRTUAL,/send,100,50,NONE,21,8.3.0,4,146.53,680.32,878.8,1008.15,1074.32,0.1818,105,0.2,36,29,0.0,370.00732,25.834021,344.16472,0.0,0.008577,26360,224593.5,4155.051
r5-44-E2,E2,5,44,VIRTUAL,/send,100,50,NONE,25,9.7.0,0,1270.9,74.09,109.75,138.32,203.81,0.0605,151,0.3,453,24,1.4,76.995906,26.416319,50.579779,0.0,-0.000191,0,0.0,3605.244
r5-45-E2,E2,5,45,VIRTUAL,/send,1000,50,NONE,21,9.7.0,0,113.73,8814.79,10210.45,10303.13,15626.24,0.2809,623,0.2,170,27,4248.5,8928.148806,8888.546681,51.039104,0.0,-11.436979,0,0.0,4756.847
r5-46-E1,E1,5,46,CF,/send,1000,50,NONE,21,8.3.0,0,130.57,7837.84,9490.96,9819.92,10817.65,0.2283,867,0.2,36,420,550.6,1540.105426,1488.270447,50.168519,0.0,1.666459,0,0.0,5077.162
r5-47-E2,E2,5,47,PLATFORM,/send,100,50,NONE,25,9.7.0,0,1333.12,71.07,101.61,131.03,400.31,0.0626,149,0.6,521,121,0.9,73.7423,23.573032,50.172992,0.0,-0.003724,0,0.0,84997.989
